acc,std,loss,tp,fp,tn,fn,hp
71.55576348304749,0.0,1.061408519744873,1384.0,361.0,14577.0,750.0,"[8, 7, 3, 0.7, 50, 0.001, 'categorical_crossentropy', 0.6]"
73.30718338489532,0.0,0.9979078471660614,1478.5,392.0,14542.5,655.0,"[16, 3, 3, 0.5, 75, 0.1, 'categorical_crossentropy', 0.0]"
72.79706994692485,0.0,1.005138138930003,1482.6666666666667,435.6666666666667,14497.666666666666,650.6666666666666,"[16, 5, 5, 0.7, 50, 0.001, 'mean_squared_error', 0.6]"
72.62405604124069,0.0,1.0178043991327286,1469.25,437.25,14495.5,664.0,"[8, 3, 5, 0.5, 50, 0.01, 'mean_squared_error', 0.3]"
72.6327657699585,0.0,1.0164682984352111,1474.8,458.6,14473.8,658.4,"[8, 7, 3, 0.7, 50, 0.001, 'categorical_crossentropy', 0.3]"
72.64638543128967,0.0,1.0097568035125732,1487.5,472.0,14460.166666666666,645.6666666666666,"[32, 3, 3, 0.5, 50, 0.01, 'mean_squared_error', 0.0]"
72.49537450926644,0.0,1.0115088735307967,1486.2857142857142,476.57142857142856,14455.42857142857,646.8571428571429,"[32, 3, 5, 0.7, 25, 0.1, 'mean_squared_error', 0.3]"
72.42899909615517,0.0,1.0025112479925156,1489.5,490.5,14441.375,643.625,"[32, 5, 3, 0.7, 50, 0.1, 'mean_squared_error', 0.9]"
72.50760197639465,0.0,0.9988811082310147,1495.5555555555557,497.44444444444446,14434.333333333334,637.5555555555555,"[16, 3, 3, 0.5, 25, 0.001, 'mean_squared_error', 0.9]"
72.42983758449554,0.0,1.003553467988968,1495.3,496.5,14435.2,637.8,"[8, 3, 3, 0.5, 25, 0.001, 'mean_squared_error', 0.6]"
92.94745326042175,0.0,0.23402930796146393,4681.0,318.0,35116.0,381.0,"[32, 5, 3, 0.3, 50, 0.001, 'mean_squared_error', 0.6]"
93.707475066185,0.0,0.2149803340435028,4720.0,287.5,35143.0,341.5,"[32, 5, 3, 0.5, 25, 0.001, 'mean_squared_error', 0.9]"
94.07278299331665,0.0,0.20097275575002035,4741.333333333333,272.3333333333333,35157.0,320.0,"[32, 3, 5, 0.3, 75, 0.01, 'categorical_crossentropy', 0.0]"
94.06278729438782,0.0,0.2007194235920906,4738.25,271.75,35157.0,323.0,"[32, 3, 5, 0.7, 50, 0.1, 'categorical_crossentropy', 0.0]"
93.8117790222168,0.0,0.2101709634065628,4717.8,274.6,35153.8,343.4,"[8, 5, 5, 0.3, 25, 0.001, 'mean_squared_error', 0.0]"
93.74652802944183,0.0,0.21212751169999441,4716.666666666667,279.6666666666667,35148.5,344.5,"[16, 3, 5, 0.7, 50, 0.01, 'mean_squared_error', 0.0]"
93.69992017745972,0.0,0.21457013487815857,4714.714285714285,282.2857142857143,35145.71428571428,346.42857142857144,"[32, 3, 3, 0.7, 25, 0.001, 'categorical_crossentropy', 0.6]"
93.69954243302345,0.0,0.21431081742048264,4716.125,282.5,35145.375,345.0,"[32, 7, 3, 0.3, 25, 0.1, 'categorical_crossentropy', 0.6]"
93.67729425430298,0.0,0.21500629352198708,4711.888888888889,281.0,35146.77777777778,349.22222222222223,"[8, 7, 3, 0.7, 25, 0.1, 'categorical_crossentropy', 0.3]"
93.78200113773346,0.0,0.21212029159069062,4717.8,276.8,35150.9,343.3,"[32, 7, 5, 0.5, 75, 0.01, 'categorical_crossentropy', 0.3]"
55.998122692108154,0.0,0.1034194752573967,0.0,0.0,14938.0,2134.0,"[32, 5, 3, 0.5, 25, 0.001, 'categorical_crossentropy', 0.6]"
64.16877508163452,0.0,0.08456854894757271,364.5,57.5,14877.0,1769.0,"[16, 5, 5, 0.5, 25, 0.1, 'mean_squared_error', 0.9]"
55.34364680449168,0.0,0.09158607323964436,243.0,38.333333333333336,14895.0,1890.3333333333333,"[8, 7, 3, 0.3, 75, 0.001, 'categorical_crossentropy', 0.9]"
58.37365165352821,0.0,0.08622339554131031,393.0,89.75,14843.0,1740.25,"[16, 3, 3, 0.7, 50, 0.01, 'categorical_crossentropy', 0.6]"
61.41059458255768,0.0,0.08535831123590469,314.4,71.8,14860.6,1818.8,"[8, 5, 5, 0.3, 75, 0.001, 'categorical_crossentropy', 0.3]"
62.7007340391477,0.0,0.08756777519981067,262.0,59.833333333333336,14872.333333333334,1871.1666666666667,"[8, 3, 5, 0.7, 25, 0.001, 'categorical_crossentropy', 0.6]"
63.602169496672495,0.0,0.08835402450391225,224.57142857142858,51.285714285714285,14880.714285714286,1908.5714285714287,"[16, 7, 5, 0.7, 50, 0.01, 'mean_squared_error', 0.3]"
55.886309943161905,0.0,0.09096759837120771,196.5,44.875,14887.0,1936.625,"[16, 3, 5, 0.5, 25, 0.01, 'mean_squared_error', 0.9]"
56.09438913977809,0.0,0.09205904768572913,174.66666666666666,39.888888888888886,14891.888888888889,1958.4444444444443,"[32, 7, 3, 0.7, 25, 0.1, 'categorical_crossentropy', 0.9]"
57.29226378723979,0.0,0.09302232190966606,157.2,35.9,14895.8,1975.9,"[32, 7, 5, 0.3, 50, 0.001, 'categorical_crossentropy', 0.6]"
73.67250323295593,0.0,0.05194612219929695,2646.0,920.0,24259.0,951.0,"[8, 7, 3, 0.5, 50, 0.1, 'mean_squared_error', 0.3]"
74.50653314590454,0.0,0.051169201731681824,2661.0,897.0,24282.0,936.0,"[32, 5, 3, 0.5, 75, 0.1, 'categorical_crossentropy', 0.3]"
74.73820845286052,0.0,0.0509875143567721,2644.0,886.3333333333334,24292.666666666668,953.0,"[16, 3, 5, 0.5, 75, 0.01, 'mean_squared_error', 0.0]"
74.60383772850037,0.0,0.05077282898128033,2646.25,893.25,24285.75,950.75,"[32, 5, 3, 0.3, 25, 0.001, 'mean_squared_error', 0.0]"
74.72338199615479,0.0,0.05085820257663727,2637.6,879.2,24299.8,959.4,"[32, 3, 3, 0.7, 75, 0.01, 'categorical_crossentropy', 0.3]"
74.44629867871602,0.0,0.05125040809313456,2622.8333333333335,879.3333333333334,24299.666666666668,974.1666666666666,"[8, 5, 5, 0.5, 75, 0.001, 'categorical_crossentropy', 0.9]"
74.58993707384381,0.0,0.051172791847160885,2621.5714285714284,874.8571428571429,24304.14285714286,975.4285714285714,"[16, 5, 3, 0.5, 25, 0.01, 'categorical_crossentropy', 0.9]"
74.59341213107109,0.0,0.05103635648265481,2626.25,875.5,24303.5,970.75,"[32, 3, 3, 0.7, 75, 0.001, 'categorical_crossentropy', 0.3]"
74.51271216074626,0.0,0.051274065342214376,2618.5555555555557,880.3333333333334,24298.666666666668,978.4444444444445,"[16, 5, 5, 0.3, 50, 0.01, 'categorical_crossentropy', 0.0]"
74.53919410705566,0.0,0.0511584110558033,2615.7,879.3,24299.0,981.2,"[16, 3, 5, 0.7, 25, 0.01, 'mean_squared_error', 0.3]"
74.3953287601471,0.0,0.8802884221076965,2676.0,915.0,24264.0,921.0,"[32, 7, 3, 0.5, 50, 0.1, 'mean_squared_error', 0.6]"
74.31192696094513,0.0,0.9010878503322601,2613.5,742.0,24437.0,983.5,"[16, 7, 5, 0.5, 75, 0.1, 'mean_squared_error', 0.0]"
74.26559130350749,0.0,0.9115055799484253,2572.6666666666665,702.3333333333334,24476.666666666668,1024.3333333333333,"[32, 3, 5, 0.3, 75, 0.01, 'mean_squared_error', 0.0]"
74.4370311498642,0.0,0.8837016671895981,2584.75,644.0,24535.0,1012.25,"[16, 5, 5, 0.7, 75, 0.001, 'mean_squared_error', 0.3]"
74.56769585609436,0.0,0.911939823627472,2489.2,551.0,24628.0,1107.8,"[32, 7, 5, 0.3, 50, 0.001, 'categorical_crossentropy', 0.0]"
74.74747498830159,0.0,0.8975374400615692,2526.1666666666665,592.8333333333334,24586.166666666668,1070.8333333333333,"[16, 7, 3, 0.3, 50, 0.01, 'mean_squared_error', 0.0]"
74.78057146072388,0.0,0.9007156320980617,2537.8571428571427,612.1428571428571,24566.85714285714,1059.142857142857,"[16, 5, 5, 0.3, 50, 0.01, 'mean_squared_error', 0.0]"
74.83319491147995,0.0,0.9025708809494972,2553.375,637.625,24541.375,1043.625,"[16, 5, 5, 0.5, 75, 0.1, 'categorical_crossentropy', 0.6]"
74.74438614315457,0.0,0.9010149108039008,2563.222222222222,665.7777777777778,24513.222222222223,1033.7777777777778,"[8, 7, 5, 0.3, 50, 0.001, 'categorical_crossentropy', 0.9]"
74.71154928207397,0.0,0.8978688895702363,2568.6,656.1,24522.2,1028.3,"[8, 3, 5, 0.7, 50, 0.001, 'categorical_crossentropy', 0.0]"
75.72106122970581,0.0,0.04367533698678017,3751.0,845.0,34589.0,1311.0,"[16, 7, 3, 0.3, 50, 0.001, 'categorical_crossentropy', 0.9]"
77.66491770744324,0.0,0.04156403988599777,3821.5,796.5,34634.0,1240.0,"[16, 7, 3, 0.7, 50, 0.01, 'categorical_crossentropy', 0.6]"
76.9626756509145,0.0,0.04261035596330961,3797.3333333333335,864.0,34565.333333333336,1264.0,"[16, 7, 3, 0.7, 25, 0.001, 'mean_squared_error', 0.0]"
76.46830230951309,0.0,0.04305965919047594,3784.5,910.0,34518.75,1276.75,"[8, 5, 5, 0.3, 75, 0.001, 'mean_squared_error', 0.3]"
76.19538903236389,0.0,0.04328768476843834,3763.6,898.6,34529.8,1297.6,"[8, 5, 3, 0.7, 75, 0.1, 'mean_squared_error', 0.3]"
76.20115677515666,0.0,0.04302126665910085,3766.5,880.5,34547.666666666664,1294.6666666666667,"[8, 3, 5, 0.7, 75, 0.001, 'categorical_crossentropy', 0.6]"
75.98510554858616,0.0,0.043194466935736794,3759.1428571428573,879.4285714285714,34548.57142857143,1302.0,"[8, 3, 5, 0.5, 75, 0.001, 'mean_squared_error', 0.6]"
76.25282406806946,0.0,0.04291044641286135,3759.125,862.375,34565.5,1302.0,"[8, 3, 5, 0.3, 50, 0.1, 'mean_squared_error', 0.3]"
76.14490654733446,0.0,0.043087693138255015,3745.6666666666665,869.1111111111111,34558.666666666664,1315.4444444444443,"[32, 7, 5, 0.5, 25, 0.01, 'mean_squared_error', 0.3]"
76.56637728214264,0.0,0.04265347421169281,3771.4,858.5,34569.2,1289.7,"[8, 5, 5, 0.3, 75, 0.1, 'categorical_crossentropy', 0.9]"
81.76258206367493,0.0,0.03338095545768738,2800.0,474.0,24705.0,797.0,"[32, 5, 5, 0.7, 50, 0.01, 'categorical_crossentropy', 0.0]"
82.24909901618958,0.0,0.03314860723912716,2847.0,481.5,24697.5,750.0,"[8, 3, 5, 0.3, 50, 0.001, 'categorical_crossentropy', 0.9]"
81.70697887738545,0.0,0.03385574743151665,2850.6666666666665,479.6666666666667,24699.333333333332,746.3333333333334,"[8, 3, 3, 0.7, 75, 0.01, 'mean_squared_error', 0.0]"
81.6652774810791,0.0,0.03400467708706856,2845.75,484.75,24694.25,751.25,"[32, 3, 5, 0.3, 50, 0.1, 'categorical_crossentropy', 0.0]"
82.12399244308472,0.0,0.03364049419760704,2859.6,478.4,24700.6,737.4,"[8, 5, 5, 0.3, 75, 0.01, 'mean_squared_error', 0.6]"
82.40200181802113,0.0,0.033379493902126946,2868.1666666666665,473.6666666666667,24705.333333333332,728.8333333333334,"[8, 7, 3, 0.3, 25, 0.01, 'mean_squared_error', 0.0]"
82.31859888349261,0.0,0.03326621758086341,2873.714285714286,473.2857142857143,24705.714285714286,723.2857142857143,"[8, 3, 3, 0.5, 50, 0.1, 'categorical_crossentropy', 0.6]"
82.29079768061638,0.0,0.03328676614910364,2877.0,467.375,24711.625,720.0,"[32, 5, 3, 0.3, 75, 0.01, 'categorical_crossentropy', 0.0]"
82.29697545369466,0.0,0.03345265198085043,2880.4444444444443,474.22222222222223,24704.777777777777,716.5555555555555,"[8, 3, 5, 0.3, 75, 0.001, 'categorical_crossentropy', 0.6]"
82.2903037071228,0.0,0.033430048078298566,2877.0,472.0,24706.3,719.9,"[32, 3, 3, 0.5, 50, 0.1, 'mean_squared_error', 0.6]"
59.5522403717041,0.0,0.06634985655546188,360.0,106.0,4584.0,310.0,"[8, 7, 3, 0.7, 50, 0.1, 'mean_squared_error', 0.3]"
62.16417849063873,0.0,0.06459759920835495,364.5,118.5,4571.5,305.5,"[8, 3, 5, 0.7, 25, 0.001, 'categorical_crossentropy', 0.3]"
63.88059655825297,0.0,0.06349814434846242,375.6666666666667,130.0,4560.0,294.3333333333333,"[8, 5, 3, 0.3, 50, 0.001, 'categorical_crossentropy', 0.0]"
62.97023743391037,0.0,0.06451990082859993,373.75,141.75,4546.5,296.0,"[32, 5, 3, 0.5, 75, 0.1, 'categorical_crossentropy', 0.0]"
62.69308090209961,0.0,0.06443096399307251,376.6,144.4,4542.8,293.0,"[32, 3, 3, 0.3, 75, 0.1, 'mean_squared_error', 0.6]"
62.906914949417114,0.0,0.06390681490302086,374.5,142.33333333333334,4544.166666666667,295.0,"[8, 7, 5, 0.3, 75, 0.001, 'categorical_crossentropy', 0.6]"
62.88882238524301,0.0,0.06346256605216435,373.57142857142856,132.0,4554.0,295.85714285714283,"[8, 5, 3, 0.7, 75, 0.1, 'categorical_crossentropy', 0.6]"
63.603952527046204,0.0,0.06296913465484977,372.5,127.375,4558.25,296.875,"[16, 3, 5, 0.3, 25, 0.01, 'mean_squared_error', 0.6]"
63.32973837852478,0.0,0.0630331647892793,373.22222222222223,129.88888888888889,4555.444444444444,296.1111111111111,"[16, 5, 5, 0.3, 25, 0.01, 'categorical_crossentropy', 0.0]"
62.9459422826767,0.0,0.06352002061903476,373.4,136.1,4549.0,295.9,"[8, 3, 3, 0.5, 25, 0.001, 'mean_squared_error', 0.0]"
5.522388219833374,0.0,0.10965348780155182,0.0,0.0,4690.0,670.0,"[32, 5, 3, 0.7, 25, 0.001, 'categorical_crossentropy', 0.3]"
4.179104603827,0.0,0.11055959761142731,0.0,0.0,4690.0,670.0,"[16, 3, 5, 0.7, 75, 0.01, 'categorical_crossentropy', 0.0]"
21.492536490162212,0.0,0.10697973022858302,0.0,0.0,4690.0,670.0,"[32, 5, 5, 0.5, 25, 0.1, 'mean_squared_error', 0.9]"
22.023737151175737,0.0,0.10671044141054153,0.0,0.0,4688.25,669.75,"[8, 7, 5, 0.3, 25, 0.001, 'mean_squared_error', 0.9]"
18.456059992313385,0.0,0.10734386742115021,0.0,0.0,4687.2,669.6,"[16, 3, 5, 0.3, 50, 0.01, 'categorical_crossentropy', 0.9]"
16.550951823592186,0.0,0.10787025094032288,0.0,0.0,4686.5,669.5,"[16, 5, 3, 0.5, 75, 0.01, 'mean_squared_error', 0.3]"
15.16880648476737,0.0,0.10907554094280515,0.0,0.0,4686.0,669.4285714285714,"[16, 7, 3, 0.7, 75, 0.1, 'mean_squared_error', 0.3]"
13.964036013931036,0.0,0.10917352698743343,0.0,0.0,4685.625,669.375,"[8, 5, 3, 0.3, 50, 0.001, 'categorical_crossentropy', 0.3]"
12.777864270740086,0.0,0.10964444528023402,0.0,0.0,4685.333333333333,669.3333333333334,"[32, 5, 3, 0.3, 25, 0.1, 'mean_squared_error', 0.3]"
12.023246735334396,0.0,0.10981195345520973,0.0,0.0,4685.1,669.3,"[8, 5, 5, 0.3, 75, 0.01, 'mean_squared_error', 0.0]"
69.63449120521545,0.0,0.08252435177564621,0.0,0.0,14938.0,2134.0,"[16, 3, 3, 0.5, 25, 0.01, 'mean_squared_error', 0.0]"
69.69769597053528,0.0,0.08538651838898659,0.0,0.0,14934.5,2133.5,"[8, 5, 3, 0.3, 75, 0.01, 'mean_squared_error', 0.0]"
69.85941131909688,0.0,0.08648057033618291,0.0,0.0,14933.333333333334,2133.3333333333335,"[32, 3, 5, 0.5, 50, 0.01, 'mean_squared_error', 0.9]"
54.82071880251169,0.0,0.09183327481150627,0.0,0.0,14932.75,2133.25,"[8, 5, 3, 0.7, 75, 0.001, 'mean_squared_error', 0.9]"
57.724366933107376,0.0,0.09036833941936492,0.0,0.0,14932.4,2133.2,"[16, 5, 5, 0.5, 75, 0.01, 'mean_squared_error', 0.0]"
58.47244722147783,0.0,0.09140738099813461,0.0,0.0,14932.166666666666,2133.1666666666665,"[8, 3, 3, 0.7, 25, 0.01, 'mean_squared_error', 0.6]"
57.57353018437113,0.0,0.09311096157346453,0.0,0.0,14932.0,2133.1428571428573,"[32, 3, 5, 0.7, 75, 0.001, 'categorical_crossentropy', 0.9]"
59.10867201164365,0.0,0.09322090912610292,0.0,0.0,14931.875,2133.125,"[8, 3, 3, 0.7, 25, 0.1, 'categorical_crossentropy', 0.9]"
53.186976040403046,0.0,0.09502417180273268,0.0,0.0,14931.777777777777,2133.1111111111113,"[16, 5, 3, 0.5, 75, 0.1, 'mean_squared_error', 0.6]"
54.79748588055372,0.0,0.09416055306792259,0.0,0.0,14931.7,2133.1,"[16, 7, 5, 0.7, 50, 0.1, 'categorical_crossentropy', 0.9]"
72.44610786437988,0.0,0.0629735216498375,1049.0,191.0,14747.0,1085.0,"[16, 7, 5, 0.5, 50, 0.01, 'mean_squared_error', 0.6]"
71.43168151378632,0.0,0.07361629977822304,524.5,95.5,14839.0,1609.0,"[8, 5, 3, 0.7, 25, 0.1, 'mean_squared_error', 0.3]"
52.1843339006106,0.0,0.08488395561774571,349.6666666666667,63.666666666666664,14869.666666666666,1783.6666666666667,"[16, 5, 5, 0.3, 75, 0.001, 'mean_squared_error', 0.6]"
56.53159357607365,0.0,0.08385484106838703,262.25,47.75,14885.0,1871.0,"[8, 7, 3, 0.5, 50, 0.01, 'categorical_crossentropy', 0.3]"
58.736760914325714,0.0,0.08742652386426926,209.8,38.2,14894.2,1923.4,"[32, 7, 3, 0.5, 50, 0.01, 'mean_squared_error', 0.3]"
60.92573528488477,0.0,0.0832348180313905,382.6666666666667,66.66666666666667,14865.5,1750.5,"[16, 5, 5, 0.7, 50, 0.001, 'mean_squared_error', 0.0]"
62.64332979917526,0.0,0.08281538529055459,328.0,57.142857142857146,14874.857142857143,1805.142857142857,"[32, 3, 3, 0.7, 75, 0.01, 'mean_squared_error', 0.6]"
63.67953363806009,0.0,0.08486325014382601,287.0,50.0,14881.875,1846.125,"[8, 7, 5, 0.5, 25, 0.01, 'categorical_crossentropy', 0.0]"
64.42295991712146,0.0,0.0851327164305581,255.11111111111111,44.44444444444444,14887.333333333334,1878.0,"[16, 5, 3, 0.5, 50, 0.001, 'categorical_crossentropy', 0.9]"
65.09271278977394,0.0,0.08617812171578407,229.6,40.0,14891.7,1903.5,"[8, 3, 5, 0.3, 75, 0.001, 'mean_squared_error', 0.9]"
4.477611929178238,0.0,0.10995576530694962,0.0,0.0,4690.0,670.0,"[32, 7, 5, 0.3, 50, 0.1, 'categorical_crossentropy', 0.3]"
32.16417916119099,0.0,0.10388387739658356,0.0,0.0,4690.0,670.0,"[32, 7, 3, 0.3, 75, 0.1, 'mean_squared_error', 0.3]"
22.885572165250778,0.0,0.10559927175442378,0.0,0.0,4690.0,670.0,"[32, 7, 5, 0.7, 50, 0.001, 'categorical_crossentropy', 0.3]"
19.929500482976437,0.0,0.1059652715921402,0.0,0.0,4688.25,669.75,"[16, 3, 3, 0.7, 50, 0.001, 'categorical_crossentropy', 0.3]"
16.601298451423645,0.0,0.10669852644205094,0.0,0.0,4687.2,669.6,"[32, 7, 3, 0.5, 75, 0.01, 'categorical_crossentropy', 0.3]"
14.930578817923864,0.0,0.10753053178389867,0.0,0.0,4686.5,669.5,"[32, 5, 3, 0.5, 75, 0.01, 'categorical_crossentropy', 0.0]"
14.249699669224876,0.0,0.107547079878194,0.0,0.0,4686.0,669.4285714285714,"[32, 7, 3, 0.3, 25, 0.01, 'mean_squared_error', 0.9]"
13.234555954113603,0.0,0.107636041007936,0.0,0.0,4685.625,669.375,"[32, 5, 3, 0.5, 50, 0.01, 'categorical_crossentropy', 0.9]"
16.264963356984985,0.0,0.10727447933620876,0.0,0.0,4685.333333333333,669.3333333333334,"[16, 7, 3, 0.7, 75, 0.1, 'categorical_crossentropy', 0.3]"
14.967316053807735,0.0,0.10746153816580772,0.0,0.0,4685.1,669.3,"[32, 7, 5, 0.3, 25, 0.1, 'mean_squared_error', 0.9]"
91.99920892715454,0.0,0.32112228870391846,4614.0,343.0,35091.0,448.0,"[16, 3, 5, 0.3, 50, 0.001, 'categorical_crossentropy', 0.0]"
92.4825131893158,0.0,0.3091900050640106,4619.5,313.0,35117.5,442.0,"[8, 3, 5, 0.7, 50, 0.01, 'categorical_crossentropy', 0.6]"
92.49212940533955,0.0,0.304261972506841,4623.666666666667,313.0,35116.333333333336,437.6666666666667,"[16, 7, 5, 0.5, 50, 0.1, 'mean_squared_error', 0.0]"
92.28452891111374,0.0,0.30409787595272064,4612.75,323.75,35105.0,448.5,"[8, 5, 3, 0.7, 25, 0.001, 'mean_squared_error', 0.3]"
92.34570264816284,0.0,0.3032227516174316,4618.6,321.2,35107.2,442.6,"[32, 7, 5, 0.5, 50, 0.01, 'categorical_crossentropy', 0.0]"
92.47869352499644,0.0,0.29912323256333667,4628.5,318.1666666666667,35110.0,432.6666666666667,"[32, 3, 5, 0.3, 50, 0.001, 'categorical_crossentropy', 0.6]"
92.54828265735081,0.0,0.29541565264974323,4630.428571428572,312.42857142857144,35115.57142857143,430.7142857142857,"[16, 7, 3, 0.3, 25, 0.1, 'categorical_crossentropy', 0.9]"
92.50908941030502,0.0,0.2982688695192337,4627.375,312.375,35115.5,433.75,"[32, 3, 5, 0.5, 25, 0.1, 'categorical_crossentropy', 0.3]"
92.50495102670457,0.0,0.2990242838859558,4625.444444444444,309.6666666666667,35118.11111111111,435.6666666666667,"[32, 7, 5, 0.3, 50, 0.001, 'mean_squared_error', 0.3]"
92.52535104751587,0.0,0.2976136177778244,4627.0,309.4,35118.3,434.1,"[8, 3, 3, 0.5, 50, 0.01, 'categorical_crossentropy', 0.3]"
93.44132542610168,0.0,0.2397087663412094,4711.0,298.0,35136.0,351.0,"[8, 7, 3, 0.7, 75, 0.001, 'categorical_crossentropy', 0.9]"
93.44067871570587,0.0,0.24019185453653336,4712.5,297.0,35133.5,349.0,"[16, 3, 5, 0.5, 75, 0.001, 'categorical_crossentropy', 0.9]"
93.32849582036336,0.0,0.24801322321097055,4700.666666666667,303.6666666666667,35125.666666666664,360.6666666666667,"[16, 3, 3, 0.7, 75, 0.01, 'mean_squared_error', 0.9]"
93.31192225217819,0.0,0.24732784926891327,4695.75,300.0,35128.75,365.5,"[8, 3, 5, 0.5, 25, 0.01, 'mean_squared_error', 0.3]"
93.13995480537415,0.0,0.25185532569885255,4675.8,298.0,35130.4,385.4,"[16, 5, 3, 0.5, 50, 0.1, 'categorical_crossentropy', 0.6]"
93.1866745154063,0.0,0.24944025029738745,4682.0,298.1666666666667,35130.0,379.1666666666667,"[32, 3, 5, 0.7, 50, 0.01, 'mean_squared_error', 0.3]"
93.28214526176453,0.0,0.24675296672752925,4689.285714285715,294.0,35134.0,371.85714285714283,"[16, 7, 5, 0.5, 25, 0.001, 'mean_squared_error', 0.9]"
93.26236322522163,0.0,0.24641161412000656,4688.375,293.875,35134.0,372.75,"[32, 5, 5, 0.5, 50, 0.1, 'categorical_crossentropy', 0.9]"
93.23600000805325,0.0,0.24639593727058834,4686.888888888889,293.3333333333333,35134.444444444445,374.22222222222223,"[16, 5, 3, 0.7, 25, 0.001, 'categorical_crossentropy', 0.6]"
93.26430678367615,0.0,0.2450695127248764,4689.6,293.6,35134.1,371.5,"[16, 3, 3, 0.7, 50, 0.01, 'mean_squared_error', 0.3]"
75.74081420898438,0.0,0.06131570413708687,1792.0,77.0,35357.0,3270.0,"[8, 5, 3, 0.5, 75, 0.01, 'mean_squared_error', 0.0]"
41.45665504038334,0.0,0.0847074631601572,896.0,38.5,35392.0,4165.5,"[32, 5, 3, 0.7, 50, 0.1, 'categorical_crossentropy', 0.6]"
45.242987324794136,0.0,0.09153789406021436,597.3333333333334,25.666666666666668,35403.666666666664,4464.0,"[8, 5, 3, 0.5, 25, 0.001, 'mean_squared_error', 0.0]"
52.51552481204271,0.0,0.08656339067965746,448.0,19.25,35409.5,4613.25,"[32, 3, 5, 0.3, 50, 0.01, 'mean_squared_error', 0.6]"
57.045022398233414,0.0,0.08069966584444047,1007.8,172.0,35256.4,4053.4,"[32, 7, 5, 0.7, 50, 0.01, 'mean_squared_error', 0.0]"
59.98235854009787,0.0,0.07673884121080239,1432.5,305.6666666666667,35122.5,3628.6666666666665,"[8, 3, 3, 0.7, 75, 0.01, 'mean_squared_error', 0.3]"
62.26110894765173,0.0,0.07418919035366603,1702.142857142857,350.57142857142856,35077.42857142857,3359.0,"[8, 7, 3, 0.7, 25, 0.001, 'mean_squared_error', 0.9]"
63.71083566918969,0.0,0.07144402945414186,1943.75,434.375,34993.5,3117.375,"[16, 3, 3, 0.7, 75, 0.01, 'mean_squared_error', 0.3]"
64.87572333878941,0.0,0.07098518270585272,1829.6666666666667,413.8888888888889,35013.88888888889,3231.4444444444443,"[8, 5, 3, 0.7, 25, 0.001, 'categorical_crossentropy', 0.3]"
65.90445227921009,0.0,0.06929554492235183,2007.4,486.8,34940.9,3053.7,"[32, 7, 3, 0.5, 25, 0.1, 'mean_squared_error', 0.0]"
75.56301951408386,0.0,0.049052946269512177,3707.0,1181.0,34253.0,1355.0,"[8, 5, 5, 0.3, 75, 0.01, 'categorical_crossentropy', 0.0]"
75.54084658622742,0.0,0.049175990745425224,3745.5,1199.0,34231.5,1316.0,"[32, 3, 5, 0.5, 75, 0.001, 'categorical_crossentropy', 0.6]"
75.70469975471497,0.0,0.04888660212357839,3770.3333333333335,1198.6666666666667,34230.666666666664,1291.0,"[16, 5, 3, 0.7, 50, 0.1, 'mean_squared_error', 0.9]"
75.65819323062897,0.0,0.049065289087593555,3772.0,1204.75,34224.0,1289.25,"[16, 7, 5, 0.5, 75, 0.1, 'categorical_crossentropy', 0.6]"
75.61448216438293,0.0,0.04917982816696167,3778.8,1210.2,34218.2,1282.4,"[16, 3, 3, 0.7, 25, 0.1, 'categorical_crossentropy', 0.6]"
75.6874293088913,0.0,0.04878085106611252,3784.1666666666665,1187.0,34241.166666666664,1277.0,"[32, 7, 3, 0.3, 50, 0.001, 'categorical_crossentropy', 0.6]"
75.62380347933087,0.0,0.04883630360875811,3764.714285714286,1185.2857142857142,34242.71428571428,1296.4285714285713,"[16, 7, 3, 0.3, 50, 0.001, 'mean_squared_error', 0.6]"
75.6477102637291,0.0,0.04885393055155873,3772.125,1189.5,34238.375,1289.0,"[16, 3, 5, 0.3, 25, 0.1, 'mean_squared_error', 0.0]"
75.72338581085205,0.0,0.04885604315333896,3769.3333333333335,1186.0,34241.77777777778,1291.7777777777778,"[32, 5, 5, 0.7, 75, 0.1, 'categorical_crossentropy', 0.9]"
75.64758956432343,0.0,0.04877745546400547,3768.1,1177.1,34250.6,1293.0,"[8, 5, 3, 0.7, 50, 0.1, 'mean_squared_error', 0.0]"
73.43018054962158,0.0,0.9550665616989136,1529.0,550.0,14388.0,605.0,"[16, 5, 3, 0.3, 75, 0.01, 'categorical_crossentropy', 0.0]"
72.62695133686066,0.0,0.9788950681686401,1510.5,547.5,14387.0,623.0,"[16, 5, 5, 0.5, 75, 0.1, 'categorical_crossentropy', 0.3]"
72.89054195086162,0.0,0.9496658643086752,1515.6666666666667,506.3333333333333,14427.0,617.6666666666666,"[8, 3, 3, 0.3, 25, 0.001, 'mean_squared_error', 0.9]"
72.33082205057144,0.0,0.9618103057146072,1501.0,510.25,14422.5,632.25,"[32, 3, 3, 0.7, 50, 0.01, 'mean_squared_error', 0.0]"
72.49194264411926,0.0,0.9553266167640686,1501.4,500.2,14432.2,631.8,"[32, 7, 3, 0.3, 75, 0.1, 'categorical_crossentropy', 0.3]"
72.25555280844371,0.0,0.965547651052475,1498.5,511.6666666666667,14420.5,634.6666666666666,"[16, 7, 3, 0.5, 75, 0.001, 'categorical_crossentropy', 0.3]"
72.24074516977582,0.0,0.9569493617330279,1499.5714285714287,506.85714285714283,14425.142857142857,633.5714285714286,"[16, 7, 5, 0.5, 25, 0.1, 'categorical_crossentropy', 0.6]"
72.31168374419212,0.0,0.9558771103620529,1500.375,507.125,14424.75,632.75,"[16, 3, 3, 0.7, 75, 0.001, 'categorical_crossentropy', 0.6]"
72.35643929905362,0.0,0.953186829884847,1504.111111111111,510.8888888888889,14420.888888888889,629.0,"[16, 7, 5, 0.5, 25, 0.01, 'mean_squared_error', 0.6]"
72.42974996566772,0.0,0.955720317363739,1506.5,513.7,14418.0,626.6,"[8, 3, 3, 0.5, 50, 0.01, 'mean_squared_error', 0.6]"
93.8144326210022,0.0,0.23382753133773804,1986.0,112.0,14826.0,148.0,"[8, 7, 5, 0.3, 75, 0.1, 'mean_squared_error', 0.6]"
93.67233514785767,0.0,0.23234044015407562,1980.0,116.5,14818.0,153.5,"[8, 5, 3, 0.7, 75, 0.001, 'categorical_crossentropy', 0.6]"
93.45306754112244,0.0,0.2360803782939911,1976.0,122.33333333333333,14811.0,157.33333333333334,"[16, 5, 5, 0.5, 75, 0.1, 'mean_squared_error', 0.9]"
93.48408132791519,0.0,0.2340444065630436,1977.0,123.25,14809.5,156.25,"[32, 5, 3, 0.5, 75, 0.1, 'mean_squared_error', 0.9]"
93.21201920509338,0.0,0.24038330614566802,1971.6,129.6,14802.8,161.6,"[8, 3, 3, 0.5, 75, 0.1, 'categorical_crossentropy', 0.6]"
92.96813408533733,0.0,0.24468000481526056,1967.5,135.0,14797.166666666666,165.66666666666666,"[16, 5, 5, 0.3, 75, 0.1, 'categorical_crossentropy', 0.0]"
93.01494700568063,0.0,0.2444246815783637,1967.4285714285713,131.57142857142858,14800.42857142857,165.71428571428572,"[16, 3, 3, 0.7, 75, 0.1, 'mean_squared_error', 0.9]"
92.98559352755547,0.0,0.2463302705436945,1967.125,132.625,14799.25,166.0,"[32, 3, 5, 0.7, 75, 0.01, 'categorical_crossentropy', 0.6]"
93.02006363868713,0.0,0.24670489463541243,1967.0,131.66666666666666,14800.111111111111,166.11111111111111,"[16, 3, 5, 0.3, 50, 0.001, 'mean_squared_error', 0.6]"
93.14609289169312,0.0,0.24288758784532546,1969.7,128.8,14802.9,163.4,"[32, 7, 5, 0.7, 25, 0.01, 'mean_squared_error', 0.6]"
91.85432195663452,0.0,0.3005571961402893,3285.0,247.0,24932.0,312.0,"[8, 7, 5, 0.7, 50, 0.1, 'categorical_crossentropy', 0.9]"
92.28523671627045,0.0,0.29295724630355835,3296.5,230.5,24948.5,300.5,"[32, 7, 3, 0.3, 25, 0.01, 'categorical_crossentropy', 0.9]"
92.24353631337483,0.0,0.28957122564315796,3297.6666666666665,236.33333333333334,24942.666666666668,299.3333333333333,"[16, 7, 3, 0.7, 75, 0.01, 'categorical_crossentropy', 0.6]"
92.3477903008461,0.0,0.2882949486374855,3302.25,237.5,24941.5,294.75,"[32, 5, 3, 0.3, 75, 0.01, 'mean_squared_error', 0.6]"
92.50486612319946,0.0,0.28386329412460326,3307.0,233.4,24945.6,290.0,"[16, 7, 3, 0.7, 50, 0.1, 'categorical_crossentropy', 0.3]"
92.52154628435771,0.0,0.2807127684354782,3306.0,230.66666666666666,24948.333333333332,291.0,"[32, 3, 3, 0.7, 25, 0.001, 'mean_squared_error', 0.6]"
92.65260781560626,0.0,0.2774316498211452,3309.714285714286,225.42857142857142,24953.571428571428,287.2857142857143,"[32, 3, 3, 0.7, 25, 0.01, 'mean_squared_error', 0.6]"
92.5319716334343,0.0,0.28398456424474716,3303.5,229.75,24949.25,293.5,"[32, 7, 3, 0.5, 75, 0.001, 'mean_squared_error', 0.3]"
92.54625837008159,0.0,0.28335761030515033,3304.777777777778,230.11111111111111,24948.88888888889,292.22222222222223,"[32, 3, 5, 0.5, 75, 0.1, 'categorical_crossentropy', 0.6]"
92.48518109321594,0.0,0.2875556290149689,3302.3,232.3,24946.0,294.6,"[8, 7, 5, 0.5, 50, 0.001, 'categorical_crossentropy', 0.0]"
90.51987528800964,0.0,0.3910311162471771,3177.0,245.0,24934.0,420.0,"[16, 7, 5, 0.3, 50, 0.01, 'categorical_crossentropy', 0.6]"
89.19933140277863,0.0,0.40122678875923157,3155.5,320.0,24859.0,441.5,"[32, 3, 5, 0.7, 75, 0.1, 'mean_squared_error', 0.9]"
89.75998361905415,0.0,0.3850521246592204,3165.3333333333335,294.0,24885.0,431.6666666666667,"[16, 3, 3, 0.3, 75, 0.01, 'categorical_crossentropy', 0.9]"
89.35918658971786,0.0,0.3871622830629349,3158.5,314.5,24864.5,438.5,"[32, 3, 5, 0.5, 75, 0.01, 'mean_squared_error', 0.0]"
89.19655084609985,0.0,0.38901259303092955,3156.2,324.0,24855.0,440.8,"[16, 7, 3, 0.3, 75, 0.01, 'mean_squared_error', 0.3]"
89.3429696559906,0.0,0.38393812874952954,3159.0,315.8333333333333,24863.166666666668,438.0,"[8, 3, 3, 0.7, 25, 0.01, 'mean_squared_error', 0.0]"
89.35223647526333,0.0,0.38395177466528757,3158.285714285714,313.2857142857143,24865.714285714286,438.7142857142857,"[32, 7, 3, 0.3, 75, 0.1, 'mean_squared_error', 0.6]"
89.37656283378601,0.0,0.38064273074269295,3159.875,313.25,24865.75,437.125,"[8, 3, 5, 0.7, 25, 0.001, 'categorical_crossentropy', 0.0]"
89.26574521594577,0.0,0.38202280468410915,3157.3333333333335,317.3333333333333,24861.666666666668,439.6666666666667,"[8, 3, 3, 0.5, 25, 0.01, 'mean_squared_error', 0.3]"
89.51047241687775,0.0,0.38062376379966734,3160.6,306.9,24871.4,436.3,"[8, 7, 5, 0.7, 50, 0.01, 'mean_squared_error', 0.6]"
71.22774124145508,0.0,0.876232922077179,1503.0,450.0,14488.0,631.0,"[16, 5, 3, 0.3, 25, 0.1, 'mean_squared_error', 0.6]"
72.15864360332489,0.0,0.8889222741127014,1515.0,453.5,14481.0,618.5,"[32, 7, 5, 0.7, 50, 0.1, 'categorical_crossentropy', 0.0]"
71.96886539459229,0.0,0.8787062962849935,1510.3333333333333,450.6666666666667,14482.666666666666,623.0,"[32, 3, 3, 0.5, 50, 0.001, 'mean_squared_error', 0.0]"
72.09666818380356,0.0,0.885860413312912,1493.25,444.0,14488.75,640.0,"[16, 7, 5, 0.7, 75, 0.1, 'mean_squared_error', 0.6]"
72.08896160125732,0.0,0.8915122866630554,1491.4,449.4,14483.0,641.8,"[16, 5, 3, 0.5, 50, 0.01, 'mean_squared_error', 0.6]"
72.21665680408478,0.0,0.8945959210395813,1496.6666666666667,458.1666666666667,14474.0,636.5,"[8, 5, 3, 0.3, 25, 0.1, 'mean_squared_error', 0.9]"
72.47530477387565,0.0,0.8901632939066205,1494.0,445.7142857142857,14486.285714285714,639.1428571428571,"[16, 7, 3, 0.5, 50, 0.01, 'mean_squared_error', 0.3]"
72.45246022939682,0.0,0.8851221278309822,1497.5,438.5,14493.375,635.625,"[32, 7, 5, 0.7, 75, 0.001, 'mean_squared_error', 0.3]"
72.53887520896063,0.0,0.8818139102723863,1496.4444444444443,427.0,14504.777777777777,636.6666666666666,"[8, 7, 5, 0.7, 25, 0.01, 'categorical_crossentropy', 0.0]"
72.58456587791443,0.0,0.8844424426555634,1497.8,433.7,14498.0,635.3,"[16, 7, 5, 0.3, 75, 0.001, 'categorical_crossentropy', 0.6]"
60.746270418167114,0.0,0.06579525768756866,400.0,181.0,4509.0,270.0,"[8, 7, 5, 0.5, 25, 0.1, 'mean_squared_error', 0.6]"
61.567166447639465,0.0,0.06560025364160538,402.5,173.5,4516.5,267.5,"[32, 7, 3, 0.5, 75, 0.01, 'categorical_crossentropy', 0.9]"
60.79602042833964,0.0,0.06672177463769913,391.6666666666667,166.33333333333334,4523.666666666667,278.3333333333333,"[16, 7, 5, 0.7, 75, 0.001, 'mean_squared_error', 0.9]"
60.61943620443344,0.0,0.06688978150486946,384.5,160.25,4528.0,285.25,"[8, 7, 3, 0.7, 50, 0.001, 'mean_squared_error', 0.3]"
62.48658061027527,0.0,0.06561963409185409,393.4,162.4,4524.8,276.2,"[8, 5, 5, 0.5, 25, 0.1, 'categorical_crossentropy', 0.9]"
62.336226304372154,0.0,0.06608062113324802,386.8333333333333,159.16666666666666,4527.333333333333,282.6666666666667,"[8, 5, 3, 0.5, 25, 0.1, 'mean_squared_error', 0.6]"
61.90852267401559,0.0,0.06647830562932151,385.85714285714283,161.28571428571428,4524.714285714285,283.57142857142856,"[16, 3, 3, 0.5, 50, 0.001, 'categorical_crossentropy', 0.9]"
62.05485984683037,0.0,0.06617764011025429,383.375,157.75,4527.875,286.0,"[8, 5, 3, 0.7, 75, 0.01, 'mean_squared_error', 0.6]"
61.90294159783257,0.0,0.0657715756032202,381.6666666666667,150.44444444444446,4534.888888888889,287.6666666666667,"[16, 7, 3, 0.7, 75, 0.001, 'mean_squared_error', 0.0]"
62.005621790885925,0.0,0.06563430353999138,381.1,146.9,4538.2,288.2,"[8, 5, 3, 0.3, 50, 0.1, 'mean_squared_error', 0.9]"
59.5522403717041,0.0,1.3106850385665894,385.0,182.0,4508.0,285.0,"[8, 5, 3, 0.3, 25, 0.01, 'mean_squared_error', 0.6]"
59.029850363731384,0.0,1.3173019289970398,377.0,196.0,4494.0,293.0,"[32, 5, 5, 0.3, 50, 0.001, 'categorical_crossentropy', 0.3]"
59.701492389043175,0.0,1.3119705120722454,377.3333333333333,184.0,4506.0,292.6666666666667,"[32, 7, 5, 0.7, 50, 0.01, 'categorical_crossentropy', 0.9]"
60.80750972032547,0.0,1.2950729131698608,385.0,173.0,4515.25,284.75,"[32, 7, 3, 0.7, 50, 0.01, 'mean_squared_error', 0.3]"
60.39488673210144,0.0,1.3120197057724,384.8,187.0,4500.2,284.8,"[16, 5, 5, 0.5, 50, 0.001, 'categorical_crossentropy', 0.6]"
60.91701487700144,0.0,1.2947797377904255,388.1666666666667,183.33333333333334,4503.166666666667,281.3333333333333,"[32, 3, 3, 0.5, 75, 0.001, 'categorical_crossentropy', 0.6]"
60.627994367054534,0.0,1.2977102313722884,387.14285714285717,188.57142857142858,4497.428571428572,282.2857142857143,"[8, 3, 5, 0.3, 25, 0.01, 'mean_squared_error', 0.6]"
60.52333638072014,0.0,1.3057174533605576,385.125,186.125,4499.5,284.25,"[32, 3, 5, 0.5, 50, 0.001, 'categorical_crossentropy', 0.3]"
60.24263368712531,0.0,1.3045201036665175,383.3333333333333,186.22222222222223,4499.111111111111,286.0,"[16, 3, 5, 0.7, 75, 0.001, 'categorical_crossentropy', 0.3]"
59.88354206085205,0.0,1.3149572134017944,380.8,188.1,4497.0,288.5,"[16, 5, 5, 0.3, 50, 0.1, 'mean_squared_error', 0.3]"
84.06748175621033,0.0,0.5542462468147278,1704.0,253.0,14685.0,430.0,"[16, 3, 3, 0.3, 25, 0.01, 'categorical_crossentropy', 0.9]"
84.90762710571289,0.0,0.5326091349124908,1735.5,244.0,14690.5,398.0,"[32, 3, 5, 0.5, 25, 0.001, 'categorical_crossentropy', 0.3]"
84.51569477717082,0.0,0.5418009360631307,1728.0,249.66666666666666,14683.666666666666,405.3333333333333,"[16, 7, 3, 0.3, 25, 0.1, 'mean_squared_error', 0.3]"
84.61274355649948,0.0,0.5404985100030899,1732.75,248.25,14684.5,400.5,"[8, 5, 5, 0.3, 25, 0.01, 'categorical_crossentropy', 0.0]"
84.28653836250305,0.0,0.5468186378479004,1723.4,249.8,14682.6,409.8,"[8, 5, 3, 0.3, 75, 0.1, 'categorical_crossentropy', 0.6]"
84.65509712696075,0.0,0.5418228010336558,1729.1666666666667,245.0,14687.166666666666,404.0,"[16, 3, 3, 0.5, 25, 0.01, 'mean_squared_error', 0.9]"
84.69733680997577,0.0,0.5408146807125637,1731.7142857142858,246.0,14686.0,401.42857142857144,"[32, 7, 5, 0.5, 50, 0.01, 'categorical_crossentropy', 0.3]"
85.08063405752182,0.0,0.5338198244571686,1738.875,239.125,14692.75,394.25,"[16, 3, 3, 0.7, 75, 0.1, 'mean_squared_error', 0.3]"
85.18080645137363,0.0,0.5318314962916904,1742.888888888889,238.88888888888889,14692.888888888889,390.22222222222223,"[32, 5, 3, 0.3, 25, 0.01, 'mean_squared_error', 0.3]"
85.11560916900635,0.0,0.5348985254764557,1740.5,239.3,14692.4,392.6,"[32, 5, 5, 0.7, 50, 0.001, 'categorical_crossentropy', 0.9]"
74.2563247680664,0.0,0.7925518155097961,2644.0,591.0,24588.0,953.0,"[16, 7, 5, 0.3, 25, 0.1, 'mean_squared_error', 0.3]"
77.23102569580078,0.0,0.765984833240509,2704.0,561.0,24618.0,893.0,"[16, 5, 3, 0.5, 75, 0.01, 'mean_squared_error', 0.6]"
77.65730619430542,0.0,0.7518860697746277,2690.0,535.6666666666666,24643.333333333332,907.0,"[8, 5, 5, 0.5, 50, 0.1, 'mean_squared_error', 0.3]"
76.65415555238724,0.0,0.7999666929244995,2652.25,599.0,24580.0,944.75,"[16, 7, 3, 0.5, 50, 0.001, 'mean_squared_error', 0.0]"
76.05782508850098,0.0,0.7947198629379273,2645.2,590.2,24588.8,951.8,"[8, 5, 3, 0.3, 50, 0.1, 'mean_squared_error', 0.3]"
76.31822725137074,0.0,0.783314973115921,2645.8333333333335,578.3333333333334,24600.666666666668,951.1666666666666,"[8, 7, 5, 0.5, 75, 0.1, 'mean_squared_error', 0.9]"
76.19444727897644,0.0,0.7862592935562134,2648.285714285714,592.4285714285714,24586.571428571428,948.7142857142857,"[8, 7, 5, 0.3, 50, 0.1, 'mean_squared_error', 0.6]"
76.02168396115303,0.0,0.7893434464931488,2652.375,604.75,24574.25,944.625,"[16, 3, 3, 0.3, 75, 0.1, 'categorical_crossentropy', 0.3]"
75.8934908443027,0.0,0.7995989653799269,2646.5555555555557,630.3333333333334,24548.666666666668,950.4444444444445,"[8, 7, 5, 0.7, 50, 0.01, 'mean_squared_error', 0.9]"
76.15453124046326,0.0,0.7908244252204895,2661.8,621.7,24556.6,935.1,"[16, 3, 5, 0.3, 25, 0.1, 'categorical_crossentropy', 0.3]"
72.2118079662323,0.0,1.0924077033996582,1469.0,520.0,14418.0,665.0,"[32, 3, 3, 0.7, 25, 0.1, 'mean_squared_error', 0.6]"
72.74444103240967,0.0,1.0855774283409119,1476.5,480.0,14454.5,657.0,"[32, 3, 3, 0.5, 50, 0.01, 'categorical_crossentropy', 0.3]"
72.76571194330852,0.0,1.0714786847432454,1500.6666666666667,503.3333333333333,14430.0,632.6666666666666,"[32, 7, 3, 0.7, 75, 0.1, 'categorical_crossentropy', 0.9]"
72.58881777524948,0.0,1.0701411962509155,1498.25,517.5,14415.25,635.0,"[8, 5, 3, 0.3, 50, 0.1, 'mean_squared_error', 0.6]"
72.37016320228577,0.0,1.0801957607269288,1485.2,511.8,14420.6,648.0,"[8, 3, 3, 0.7, 50, 0.1, 'mean_squared_error', 0.0]"
72.45880564053853,0.0,1.0712320605913799,1495.8333333333333,506.1666666666667,14426.0,637.3333333333334,"[16, 7, 3, 0.5, 50, 0.01, 'categorical_crossentropy', 0.3]"
72.34128969056266,0.0,1.0724563768931799,1494.7142857142858,505.2857142857143,14426.714285714286,638.4285714285714,"[8, 7, 3, 0.5, 50, 0.01, 'mean_squared_error', 0.0]"
72.3762184381485,0.0,1.0649884939193726,1499.75,509.25,14422.625,633.375,"[8, 7, 3, 0.5, 75, 0.1, 'categorical_crossentropy', 0.0]"
72.34087586402893,0.0,1.0666353570090399,1503.6666666666667,517.8888888888889,14413.888888888889,629.4444444444445,"[8, 5, 3, 0.7, 25, 0.001, 'mean_squared_error', 0.0]"
72.41105437278748,0.0,1.0659752368927002,1507.9,515.2,14416.5,625.2,"[32, 3, 3, 0.5, 25, 0.01, 'mean_squared_error', 0.0]"
74.3953287601471,0.0,0.05051836743950844,2611.0,840.0,24339.0,986.0,"[8, 7, 5, 0.5, 75, 0.01, 'mean_squared_error', 0.9]"
74.93744790554047,0.0,0.05008409172296524,2633.5,851.0,24328.0,963.5,"[8, 5, 5, 0.7, 25, 0.001, 'mean_squared_error', 0.0]"
74.72893993059795,0.0,0.05001490190625191,2639.6666666666665,858.6666666666666,24320.333333333332,957.3333333333334,"[32, 5, 5, 0.7, 25, 0.01, 'categorical_crossentropy', 0.9]"
74.76369142532349,0.0,0.04992139432579279,2649.5,864.75,24314.25,947.5,"[32, 7, 3, 0.7, 75, 0.01, 'categorical_crossentropy', 0.0]"
74.7122597694397,0.0,0.04987390041351318,2635.2,855.6,24323.4,961.8,"[32, 5, 5, 0.3, 75, 0.001, 'mean_squared_error', 0.6]"
74.83551104863484,0.0,0.04975822940468788,2642.8333333333335,857.3333333333334,24321.666666666668,954.1666666666666,"[8, 5, 5, 0.7, 75, 0.001, 'categorical_crossentropy', 0.3]"
74.7289410659245,0.0,0.04983917251229286,2641.714285714286,856.1428571428571,24322.85714285714,955.2857142857143,"[32, 7, 5, 0.5, 75, 0.1, 'categorical_crossentropy', 0.3]"
74.70808997750282,0.0,0.05000626342371106,2636.5,861.5,24317.5,960.5,"[16, 5, 5, 0.7, 75, 0.1, 'mean_squared_error', 0.6]"
74.71349570486281,0.0,0.05009210606416067,2633.4444444444443,863.6666666666666,24315.333333333332,963.5555555555555,"[8, 3, 5, 0.5, 75, 0.1, 'categorical_crossentropy', 0.0]"
74.69765245914459,0.0,0.05010385103523731,2634.4,867.4,24310.9,962.5,"[16, 5, 3, 0.7, 25, 0.1, 'categorical_crossentropy', 0.6]"
44.17910575866699,0.0,0.10731758177280426,0.0,0.0,4690.0,670.0,"[16, 7, 3, 0.7, 25, 0.01, 'categorical_crossentropy', 0.0]"
54.02985215187073,0.0,0.09867166355252266,0.0,0.0,4690.0,670.0,"[16, 3, 3, 0.5, 75, 0.1, 'categorical_crossentropy', 0.6]"
56.218906243642174,0.0,0.09142287323872249,66.33333333333333,11.666666666666666,4678.333333333333,603.6666666666666,"[32, 3, 3, 0.5, 50, 0.001, 'categorical_crossentropy', 0.0]"
56.92501664161682,0.0,0.09034314565360546,49.75,8.75,4679.5,620.0,"[16, 7, 3, 0.5, 75, 0.01, 'categorical_crossentropy', 0.9]"
57.647637128829956,0.0,0.0920008584856987,39.8,7.0,4680.2,629.8,"[16, 3, 5, 0.7, 25, 0.1, 'mean_squared_error', 0.6]"
58.02973210811615,0.0,0.08949351434906323,77.16666666666667,19.833333333333332,4666.666666666667,592.3333333333334,"[8, 7, 3, 0.7, 50, 0.01, 'mean_squared_error', 0.3]"
58.28130330358233,0.0,0.08870037432227816,66.14285714285714,17.0,4669.0,603.2857142857143,"[32, 5, 5, 0.3, 25, 0.1, 'categorical_crossentropy', 0.3]"
58.20839777588844,0.0,0.08823199942708015,57.875,14.875,4670.75,611.5,"[32, 3, 5, 0.7, 75, 0.01, 'mean_squared_error', 0.6]"
58.035433292388916,0.0,0.08780173129505581,51.44444444444444,13.222222222222221,4672.111111111111,617.8888888888889,"[16, 3, 5, 0.5, 75, 0.1, 'mean_squared_error', 0.3]"
58.24085831642151,0.0,0.08674307987093925,67.6,18.1,4667.0,601.7,"[8, 3, 3, 0.3, 75, 0.1, 'categorical_crossentropy', 0.6]"
84.92537140846252,0.0,0.4933893382549286,547.0,82.0,4608.0,123.0,"[8, 3, 3, 0.5, 25, 0.01, 'categorical_crossentropy', 0.6]"
83.20895433425903,0.0,0.5224943608045578,544.0,96.5,4593.5,126.0,"[32, 7, 5, 0.5, 25, 0.1, 'categorical_crossentropy', 0.6]"
75.27363101641338,0.0,0.6803755859533945,481.6666666666667,105.66666666666667,4584.333333333333,188.33333333333334,"[16, 3, 5, 0.3, 50, 0.01, 'categorical_crossentropy', 0.3]"
77.04565674066544,0.0,0.6559486165642738,494.75,105.0,4583.25,175.0,"[8, 5, 3, 0.5, 75, 0.1, 'mean_squared_error', 0.9]"
76.76358103752136,0.0,0.6551993906497955,492.2,107.4,4579.8,177.4,"[32, 5, 5, 0.7, 75, 0.1, 'categorical_crossentropy', 0.6]"
77.7215192715327,0.0,0.6490230411291122,500.6666666666667,106.5,4580.0,168.83333333333334,"[32, 7, 3, 0.5, 25, 0.001, 'mean_squared_error', 0.6]"
78.76877614430019,0.0,0.6386063822678157,503.0,101.42857142857143,4584.571428571428,166.42857142857142,"[8, 5, 5, 0.7, 75, 0.1, 'mean_squared_error', 0.3]"
79.3673723936081,0.0,0.6227446757256985,507.625,98.5,4587.125,161.75,"[8, 5, 5, 0.3, 75, 0.01, 'categorical_crossentropy', 0.9]"
79.30147449175517,0.0,0.6356637179851532,507.55555555555554,100.88888888888889,4584.444444444444,161.77777777777777,"[8, 3, 3, 0.3, 75, 0.01, 'mean_squared_error', 0.6]"
78.86011600494385,0.0,0.6396103113889694,502.7,100.9,4584.2,166.6,"[32, 3, 5, 0.3, 75, 0.1, 'categorical_crossentropy', 0.9]"
73.24273586273193,0.0,0.9001296162605286,1515.0,473.0,14465.0,619.0,"[32, 3, 3, 0.3, 50, 0.001, 'mean_squared_error', 0.6]"
73.2130229473114,0.0,0.8824487030506134,1515.5,424.5,14510.0,618.0,"[16, 7, 3, 0.5, 25, 0.1, 'categorical_crossentropy', 0.3]"
73.28125635782878,0.0,0.8806831439336141,1518.6666666666667,429.6666666666667,14503.666666666666,614.6666666666666,"[32, 7, 5, 0.5, 50, 0.01, 'mean_squared_error', 0.9]"
73.12784343957901,0.0,0.8897902220487595,1514.25,444.0,14488.75,619.0,"[32, 3, 5, 0.5, 25, 0.001, 'mean_squared_error', 0.3]"
73.17644238471985,0.0,0.8906183362007141,1510.6,442.6,14489.8,622.6,"[32, 7, 3, 0.7, 75, 0.001, 'mean_squared_error', 0.6]"
72.83378342787425,0.0,0.8995660543441772,1499.6666666666667,444.8333333333333,14487.333333333334,633.5,"[16, 3, 5, 0.7, 25, 0.001, 'categorical_crossentropy', 0.9]"
72.65600136348179,0.0,0.9114578877176557,1495.4285714285713,456.7142857142857,14475.285714285714,637.7142857142857,"[32, 7, 3, 0.5, 25, 0.1, 'categorical_crossentropy', 0.0]"
72.45820164680481,0.0,0.9150975495576859,1493.25,461.125,14470.75,639.875,"[8, 7, 5, 0.7, 75, 0.1, 'categorical_crossentropy', 0.6]"
72.4241680569119,0.0,0.9170214600033231,1492.4444444444443,463.77777777777777,14468.0,640.6666666666666,"[8, 5, 5, 0.3, 50, 0.001, 'mean_squared_error', 0.9]"
72.41569399833679,0.0,0.9183539688587189,1491.1,465.7,14466.0,642.0,"[8, 7, 3, 0.5, 50, 0.1, 'categorical_crossentropy', 0.9]"
86.71115040779114,0.0,0.02826431393623352,3041.0,395.0,24784.0,556.0,"[32, 7, 5, 0.5, 75, 0.001, 'categorical_crossentropy', 0.3]"
85.97442507743835,0.0,0.029437747783958912,2996.5,405.5,24773.5,600.5,"[16, 7, 3, 0.7, 25, 0.001, 'categorical_crossentropy', 0.6]"
85.30256748199463,0.0,0.030178984627127647,2934.0,363.0,24816.0,663.0,"[8, 5, 5, 0.7, 50, 0.001, 'mean_squared_error', 0.3]"
85.39060354232788,0.0,0.029435780365020037,2942.75,355.75,24823.25,654.25,"[8, 5, 3, 0.3, 25, 0.1, 'mean_squared_error', 0.3]"
85.59911012649536,0.0,0.029059844464063643,2957.8,364.0,24815.0,639.2,"[8, 7, 3, 0.7, 50, 0.01, 'categorical_crossentropy', 0.6]"
85.43693820635478,0.0,0.029243398768206436,2957.0,373.0,24806.0,640.0,"[16, 5, 3, 0.7, 75, 0.001, 'mean_squared_error', 0.0]"
85.07883548736572,0.0,0.029678864404559135,2953.285714285714,384.2857142857143,24794.714285714286,643.7142857142857,"[32, 3, 3, 0.3, 50, 0.01, 'categorical_crossentropy', 0.6]"
85.2863498032093,0.0,0.029399298364296556,2957.25,384.0,24795.0,639.75,"[8, 5, 3, 0.5, 75, 0.01, 'categorical_crossentropy', 0.6]"
85.36743587917752,0.0,0.02931752863029639,2963.222222222222,387.22222222222223,24791.777777777777,633.7777777777778,"[32, 5, 5, 0.5, 75, 0.01, 'mean_squared_error', 0.9]"
85.17885684967041,0.0,0.029384960047900678,2957.1,386.4,24791.9,639.8,"[8, 7, 3, 0.3, 25, 0.1, 'mean_squared_error', 0.0]"
93.96719336509705,0.0,0.1909174621105194,3364.0,182.0,24997.0,233.0,"[8, 5, 3, 0.5, 25, 0.001, 'categorical_crossentropy', 0.0]"
93.92549395561218,0.0,0.1938728615641594,3357.0,192.0,24987.0,240.0,"[32, 5, 3, 0.3, 50, 0.1, 'mean_squared_error', 0.3]"
94.25447185834248,0.0,0.19391072789827982,3369.3333333333335,184.0,24995.0,227.66666666666666,"[8, 7, 3, 0.7, 25, 0.1, 'mean_squared_error', 0.9]"
94.2174032330513,0.0,0.19653400033712387,3371.5,187.25,24991.75,225.5,"[16, 5, 3, 0.7, 25, 0.1, 'categorical_crossentropy', 0.9]"
94.33416724205017,0.0,0.2014331638813019,3374.8,181.6,24997.4,222.2,"[32, 7, 3, 0.7, 75, 0.001, 'mean_squared_error', 0.3]"
94.31007305781047,0.0,0.20109863330920538,3371.5,180.83333333333334,24998.166666666668,225.5,"[8, 5, 5, 0.7, 50, 0.1, 'mean_squared_error', 0.3]"
94.2610902445657,0.0,0.2009269573858806,3371.0,184.0,24995.0,226.0,"[32, 7, 3, 0.3, 50, 0.1, 'mean_squared_error', 0.9]"
94.23130378127098,0.0,0.20075574703514576,3370.375,184.625,24994.375,226.625,"[8, 7, 3, 0.3, 50, 0.01, 'mean_squared_error', 0.0]"
94.28227212693956,0.0,0.19998904234833187,3373.1111111111113,183.22222222222223,24995.777777777777,223.88888888888889,"[8, 3, 5, 0.5, 25, 0.001, 'categorical_crossentropy', 0.9]"
94.33680355548859,0.0,0.2006075233221054,3374.9,182.1,24996.2,222.0,"[16, 3, 3, 0.5, 50, 0.1, 'categorical_crossentropy', 0.0]"
75.91860890388489,0.0,0.047461312264204025,3709.0,1132.0,34302.0,1353.0,"[16, 5, 5, 0.3, 25, 0.001, 'mean_squared_error', 0.6]"
75.63960552215576,0.0,0.04740193672478199,3741.5,1167.0,34263.5,1320.0,"[32, 5, 5, 0.3, 50, 0.001, 'mean_squared_error', 0.3]"
75.43463706970215,0.0,0.047047422577937446,3748.6666666666665,1158.6666666666667,34270.666666666664,1312.6666666666667,"[16, 3, 3, 0.7, 50, 0.1, 'categorical_crossentropy', 0.0]"
75.44082701206207,0.0,0.04710362572222948,3750.75,1152.0,34276.75,1310.5,"[16, 5, 5, 0.5, 25, 0.1, 'categorical_crossentropy', 0.6]"
75.77253937721252,0.0,0.046893573552370074,3749.8,1132.4,34296.0,1311.4,"[16, 3, 3, 0.5, 25, 0.1, 'categorical_crossentropy', 0.9]"
75.86524784564972,0.0,0.04625096544623375,3760.5,1122.8333333333333,34305.333333333336,1300.6666666666667,"[16, 7, 3, 0.3, 75, 0.001, 'mean_squared_error', 0.3]"
75.87501406669617,0.0,0.046064309243644984,3766.285714285714,1118.857142857143,34309.142857142855,1294.857142857143,"[32, 3, 3, 0.3, 50, 0.1, 'mean_squared_error', 0.0]"
75.72920694947243,0.0,0.04633999988436699,3762.125,1133.5,34294.375,1299.0,"[8, 5, 3, 0.3, 50, 0.01, 'categorical_crossentropy', 0.9]"
75.73655049006145,0.0,0.04664362677269512,3758.6666666666665,1141.5555555555557,34286.22222222222,1302.4444444444443,"[16, 5, 3, 0.3, 25, 0.001, 'categorical_crossentropy', 0.9]"
75.65351009368896,0.0,0.04664069078862667,3755.1,1125.0,34302.7,1306.0,"[8, 3, 3, 0.7, 50, 0.1, 'categorical_crossentropy', 0.6]"
75.99762678146362,0.0,0.05637160316109657,3574.0,988.0,34446.0,1488.0,"[8, 7, 5, 0.3, 25, 0.01, 'mean_squared_error', 0.6]"
75.40248930454254,0.0,0.06041012890636921,2648.5,551.5,34879.0,2413.0,"[32, 5, 3, 0.5, 50, 0.001, 'mean_squared_error', 0.6]"
75.36876797676086,0.0,0.05707010254263878,2984.0,758.3333333333334,34671.0,2077.3333333333335,"[32, 5, 5, 0.3, 50, 0.001, 'categorical_crossentropy', 0.6]"
75.29757022857666,0.0,0.056115176528692245,3147.75,839.5,34589.25,1913.5,"[16, 7, 3, 0.7, 50, 0.1, 'categorical_crossentropy', 0.6]"
74.98612999916077,0.0,0.06267808228731156,2518.2,671.6,34756.8,2543.0,"[8, 7, 5, 0.5, 50, 0.001, 'mean_squared_error', 0.3]"
75.13745725154877,0.0,0.06056327807406584,2711.8333333333335,751.1666666666666,34677.0,2349.3333333333335,"[32, 7, 3, 0.3, 25, 0.01, 'categorical_crossentropy', 0.3]"
75.24272544043404,0.0,0.05922394724828856,2847.1428571428573,812.8571428571429,34615.142857142855,2214.0,"[32, 3, 3, 0.7, 75, 0.01, 'categorical_crossentropy', 0.6]"
75.35872459411621,0.0,0.05847523780539632,2947.25,831.5,34596.375,2113.875,"[8, 5, 5, 0.3, 75, 0.001, 'categorical_crossentropy', 0.0]"
75.28209288914998,0.0,0.05816935458117061,3018.777777777778,879.0,34548.77777777778,2042.3333333333333,"[16, 5, 3, 0.3, 75, 0.1, 'mean_squared_error', 0.6]"
75.28006434440613,0.0,0.058203916624188425,3048.3,873.4,34554.3,2012.8,"[16, 3, 5, 0.7, 50, 0.1, 'categorical_crossentropy', 0.6]"
90.18626809120178,0.0,0.37358155846595764,3176.0,278.0,24901.0,421.0,"[16, 5, 5, 0.5, 50, 0.01, 'mean_squared_error', 0.9]"
90.61718285083771,0.0,0.3721551150083542,3179.0,261.5,24917.5,418.0,"[32, 5, 3, 0.7, 75, 0.001, 'mean_squared_error', 0.0]"
90.64035018285115,0.0,0.3654075761636098,3189.0,262.6666666666667,24916.333333333332,408.0,"[32, 5, 3, 0.3, 25, 0.1, 'categorical_crossentropy', 0.3]"
90.24882018566132,0.0,0.3731914907693863,3176.5,273.75,24905.25,420.5,"[32, 5, 3, 0.7, 75, 0.1, 'categorical_crossentropy', 0.9]"
90.3641939163208,0.0,0.3729451298713684,3171.0,267.4,24911.6,426.0,"[32, 3, 3, 0.5, 25, 0.001, 'categorical_crossentropy', 0.6]"
90.30210475126903,0.0,0.3700442761182785,3169.6666666666665,267.0,24912.0,427.3333333333333,"[32, 3, 3, 0.7, 50, 0.01, 'categorical_crossentropy', 0.9]"
90.30541437012809,0.0,0.37042668036052157,3169.1428571428573,267.7142857142857,24911.285714285714,427.85714285714283,"[16, 3, 3, 0.7, 75, 0.001, 'mean_squared_error', 0.9]"
90.05421251058578,0.0,0.37197092175483704,3165.5,277.875,24901.125,431.5,"[32, 7, 5, 0.5, 75, 0.1, 'categorical_crossentropy', 0.0]"
90.0194611814287,0.0,0.37013395296202767,3166.4444444444443,280.1111111111111,24898.88888888889,430.55555555555554,"[16, 7, 3, 0.3, 50, 0.1, 'mean_squared_error', 0.3]"
89.8912638425827,0.0,0.370479878783226,3163.2,286.0,24892.3,433.7,"[8, 5, 5, 0.5, 75, 0.001, 'categorical_crossentropy', 0.6]"
59.850746393203735,0.0,1.3813190460205078,336.0,138.0,4552.0,334.0,"[16, 3, 5, 0.7, 75, 0.001, 'mean_squared_error', 0.0]"
59.25373136997223,0.0,1.3911417126655579,354.0,162.5,4527.5,316.0,"[8, 5, 3, 0.3, 75, 0.001, 'mean_squared_error', 0.3]"
59.50248837471008,0.0,1.3866676489512126,363.0,156.66666666666666,4533.333333333333,307.0,"[32, 3, 3, 0.5, 75, 0.001, 'mean_squared_error', 0.0]"
60.1350873708725,0.0,1.3924577832221985,347.0,158.5,4529.75,322.75,"[8, 3, 5, 0.5, 50, 0.001, 'mean_squared_error', 0.3]"
60.27548432350159,0.0,1.391772246360779,347.2,152.6,4534.6,322.4,"[16, 7, 5, 0.7, 25, 0.1, 'categorical_crossentropy', 0.3]"
59.82100069522858,0.0,1.3995841145515442,350.0,163.33333333333334,4523.166666666667,319.5,"[16, 3, 3, 0.5, 25, 0.1, 'categorical_crossentropy', 0.3]"
59.75261500903538,0.0,1.4006460905075073,350.85714285714283,158.85714285714286,4527.142857142857,318.57142857142856,"[32, 3, 5, 0.5, 25, 0.01, 'mean_squared_error', 0.3]"
60.131071507930756,0.0,1.392510011792183,356.375,160.75,4524.875,313.0,"[16, 3, 5, 0.3, 75, 0.001, 'categorical_crossentropy', 0.9]"
59.9936048189799,0.0,1.3945075670878093,358.22222222222223,161.0,4524.333333333333,311.1111111111111,"[8, 7, 5, 0.5, 75, 0.1, 'mean_squared_error', 0.6]"
60.033108592033386,0.0,1.3982995390892028,345.1,149.0,4536.1,324.2,"[16, 5, 3, 0.5, 75, 0.01, 'categorical_crossentropy', 0.9]"
73.58208894729614,0.0,0.8856655955314636,458.0,120.0,4570.0,212.0,"[16, 7, 3, 0.5, 50, 0.1, 'mean_squared_error', 0.3]"
74.92537200450897,0.0,0.8410226404666901,451.0,95.0,4595.0,219.0,"[8, 3, 3, 0.5, 75, 0.1, 'categorical_crossentropy', 0.0]"
73.53233695030212,0.0,0.8665918707847595,429.0,91.66666666666667,4598.333333333333,241.0,"[32, 7, 3, 0.3, 50, 0.001, 'mean_squared_error', 0.0]"
72.7127805352211,0.0,0.8852874636650085,424.75,97.75,4590.5,245.0,"[16, 3, 3, 0.3, 50, 0.001, 'mean_squared_error', 0.9]"
72.63958215713501,0.0,0.8809310913085937,428.6,97.4,4589.8,241.0,"[16, 7, 5, 0.7, 25, 0.001, 'categorical_crossentropy', 0.0]"
72.341654698054,0.0,0.8784518639246622,431.6666666666667,101.0,4585.5,237.83333333333334,"[32, 7, 3, 0.7, 75, 0.1, 'mean_squared_error', 0.6]"
71.82989546230861,0.0,0.8883347681590489,424.14285714285717,100.57142857142857,4585.428571428572,245.28571428571428,"[32, 7, 3, 0.3, 75, 0.1, 'categorical_crossentropy', 0.0]"
71.78239896893501,0.0,0.8905824050307274,423.625,98.75,4586.875,245.75,"[32, 7, 5, 0.7, 50, 0.01, 'categorical_crossentropy', 0.0]"
71.94475995169745,0.0,0.8883908523453606,425.6666666666667,99.44444444444444,4585.888888888889,243.66666666666666,"[32, 5, 3, 0.7, 75, 0.01, 'mean_squared_error', 0.9]"
71.68600916862488,0.0,0.8906994223594665,428.3,100.8,4584.3,241.0,"[16, 3, 3, 0.7, 25, 0.1, 'mean_squared_error', 0.3]"
75.53516626358032,0.0,0.77907395362854,2585.0,509.0,24670.0,1012.0,"[8, 3, 3, 0.5, 25, 0.01, 'mean_squared_error', 0.6]"
75.13205409049988,0.0,0.7890666425228119,2595.5,577.0,24602.0,1001.5,"[32, 7, 3, 0.5, 25, 0.001, 'mean_squared_error', 0.3]"
75.00694990158081,0.0,0.7734092275301615,2621.6666666666665,614.3333333333334,24564.666666666668,975.3333333333334,"[8, 3, 5, 0.5, 50, 0.1, 'mean_squared_error', 0.0]"
74.94439780712128,0.0,0.783257856965065,2634.5,649.25,24529.75,962.5,"[8, 5, 5, 0.7, 25, 0.1, 'mean_squared_error', 0.3]"
75.01250982284546,0.0,0.7765669584274292,2644.2,638.8,24540.2,952.8,"[32, 7, 3, 0.5, 50, 0.01, 'mean_squared_error', 0.9]"
74.93281364440918,0.0,0.7815223534901937,2640.6666666666665,649.5,24529.5,956.3333333333334,"[8, 7, 5, 0.5, 25, 0.001, 'categorical_crossentropy', 0.3]"
74.91163185664585,0.0,0.779504827090672,2641.8571428571427,650.7142857142857,24528.285714285714,955.1428571428571,"[32, 7, 5, 0.3, 50, 0.001, 'mean_squared_error', 0.6]"
74.92702156305313,0.0,0.7880520671606064,2643.875,668.875,24510.125,953.125,"[32, 5, 3, 0.5, 75, 0.1, 'categorical_crossentropy', 0.9]"
75.17684433195326,0.0,0.7837445669704013,2651.777777777778,657.4444444444445,24521.555555555555,945.2222222222222,"[32, 7, 3, 0.3, 25, 0.001, 'mean_squared_error', 0.3]"
75.06182968616486,0.0,0.7850271999835968,2640.8,647.6,24530.7,956.1,"[32, 5, 3, 0.5, 75, 0.1, 'mean_squared_error', 0.0]"
93.00671815872192,0.0,0.30954909324645996,4590.0,279.0,35155.0,472.0,"[16, 3, 3, 0.3, 50, 0.01, 'mean_squared_error', 0.6]"
92.35398173332214,0.0,0.31471748650074005,4579.0,315.0,35115.5,482.5,"[16, 5, 3, 0.3, 75, 0.1, 'categorical_crossentropy', 0.3]"
92.10347135861714,0.0,0.31828685601552326,4574.333333333333,332.0,35097.333333333336,487.0,"[8, 5, 3, 0.3, 75, 0.1, 'mean_squared_error', 0.0]"
92.17086583375931,0.0,0.3160664066672325,4586.0,329.75,35099.0,475.25,"[16, 3, 3, 0.5, 25, 0.01, 'categorical_crossentropy', 0.6]"
92.05718278884888,0.0,0.3149149179458618,4585.6,335.2,35093.2,475.6,"[16, 7, 5, 0.5, 50, 0.01, 'mean_squared_error', 0.9]"
92.02091197172801,0.0,0.3191926032304764,4582.0,331.5,35096.666666666664,479.1666666666667,"[16, 5, 5, 0.5, 75, 0.01, 'categorical_crossentropy', 0.6]"
92.08815353257316,0.0,0.3188730776309967,4585.857142857143,325.57142857142856,35102.42857142857,475.2857142857143,"[16, 5, 5, 0.5, 75, 0.1, 'mean_squared_error', 0.6]"
92.1781025826931,0.0,0.3166416063904762,4590.25,321.25,35106.625,470.875,"[32, 7, 5, 0.7, 50, 0.001, 'categorical_crossentropy', 0.9]"
92.17780894703336,0.0,0.3158566819296943,4588.888888888889,320.3333333333333,35107.444444444445,472.22222222222223,"[16, 3, 3, 0.3, 50, 0.001, 'mean_squared_error', 0.0]"
92.11829721927643,0.0,0.3189518809318542,4585.2,320.6,35107.1,475.9,"[8, 5, 3, 0.7, 25, 0.001, 'mean_squared_error', 0.9]"
74.9235451221466,0.0,0.05244692787528038,2607.0,882.0,24297.0,990.0,"[8, 3, 5, 0.5, 50, 0.01, 'mean_squared_error', 0.9]"
74.78454113006592,0.0,0.05247456394135952,2645.5,895.5,24283.5,951.5,"[8, 5, 5, 0.3, 75, 0.1, 'categorical_crossentropy', 0.3]"
74.59920247395833,0.0,0.053008049726486206,2651.3333333333335,905.6666666666666,24273.333333333332,945.6666666666666,"[8, 3, 3, 0.5, 50, 0.01, 'mean_squared_error', 0.3]"
74.65248703956604,0.0,0.05250169336795807,2661.0,905.0,24274.0,936.0,"[32, 3, 5, 0.5, 50, 0.1, 'mean_squared_error', 0.0]"
74.86238479614258,0.0,0.05219715759158135,2673.2,898.2,24280.8,923.8,"[32, 5, 3, 0.5, 25, 0.001, 'categorical_crossentropy', 0.3]"
74.80307618776958,0.0,0.0527446319659551,2671.5,901.3333333333334,24277.666666666668,925.5,"[8, 5, 5, 0.3, 25, 0.001, 'categorical_crossentropy', 0.9]"
74.5780212538583,0.0,0.05313837953976223,2655.714285714286,907.7142857142857,24271.285714285714,941.2857142857143,"[16, 5, 3, 0.5, 25, 0.1, 'categorical_crossentropy', 0.0]"
74.66291338205338,0.0,0.05281388806179166,2650.25,900.75,24278.25,946.75,"[16, 5, 3, 0.3, 75, 0.01, 'categorical_crossentropy', 0.3]"
74.61773686938815,0.0,0.052562109298176236,2642.0,898.1111111111111,24280.88888888889,955.0,"[32, 7, 3, 0.5, 75, 0.001, 'categorical_crossentropy', 0.6]"
74.69489514827728,0.0,0.05252760648727417,2642.3,895.7,24282.6,954.6,"[16, 5, 5, 0.5, 75, 0.01, 'categorical_crossentropy', 0.0]"
84.67666506767273,0.0,0.03179222717881203,1698.0,245.0,14693.0,436.0,"[16, 5, 5, 0.5, 75, 0.1, 'mean_squared_error', 0.3]"
85.82168817520142,0.0,0.030455000698566437,1740.5,230.5,14704.0,393.0,"[32, 7, 3, 0.7, 75, 0.001, 'mean_squared_error', 0.9]"
85.75016657511394,0.0,0.030552905052900314,1754.6666666666667,231.66666666666666,14701.666666666666,378.6666666666667,"[16, 3, 5, 0.7, 75, 0.1, 'categorical_crossentropy', 0.9]"
84.89396572113037,0.0,0.03164672199636698,1743.75,244.5,14688.25,389.5,"[32, 3, 5, 0.3, 25, 0.1, 'mean_squared_error', 0.0]"
84.84906792640686,0.0,0.03150670453906059,1736.8,240.0,14692.4,396.4,"[8, 5, 5, 0.7, 50, 0.1, 'categorical_crossentropy', 0.3]"
85.06136139233907,0.0,0.03134080208837986,1738.8333333333333,240.0,14692.166666666666,394.3333333333333,"[16, 5, 5, 0.5, 75, 0.001, 'mean_squared_error', 0.0]"
84.91161380495343,0.0,0.03142627647944859,1735.0,241.85714285714286,14690.142857142857,398.14285714285717,"[8, 5, 3, 0.3, 25, 0.001, 'mean_squared_error', 0.3]"
84.84032526612282,0.0,0.03139700787141919,1731.5,241.125,14690.75,401.625,"[32, 7, 5, 0.3, 25, 0.01, 'categorical_crossentropy', 0.6]"
84.81613331370883,0.0,0.031394857085413404,1734.6666666666667,245.11111111111111,14686.666666666666,398.44444444444446,"[32, 7, 5, 0.3, 75, 0.1, 'mean_squared_error', 0.6]"
84.62800323963165,0.0,0.03147953860461712,1733.9,249.7,14682.0,399.2,"[32, 7, 5, 0.5, 75, 0.01, 'categorical_crossentropy', 0.9]"
88.87791633605957,0.0,0.022014731541275978,4395.0,411.0,35023.0,667.0,"[16, 5, 5, 0.5, 25, 0.001, 'mean_squared_error', 0.6]"
88.30380737781525,0.0,0.024485566653311253,4378.5,474.5,34956.0,683.0,"[32, 3, 5, 0.5, 75, 0.001, 'categorical_crossentropy', 0.3]"
87.97412514686584,0.0,0.024981599301099777,4328.666666666667,449.6666666666667,34979.666666666664,732.6666666666666,"[32, 5, 5, 0.7, 50, 0.1, 'categorical_crossentropy', 0.3]"
87.59193569421768,0.0,0.02541787037625909,4294.0,452.25,34976.5,767.25,"[32, 3, 3, 0.7, 75, 0.01, 'categorical_crossentropy', 0.0]"
87.87240266799927,0.0,0.025046715512871742,4315.8,449.6,34978.8,745.4,"[32, 7, 3, 0.5, 50, 0.01, 'mean_squared_error', 0.0]"
87.99022436141968,0.0,0.02496405163158973,4322.166666666667,452.0,34976.166666666664,739.0,"[8, 3, 5, 0.5, 50, 0.001, 'categorical_crossentropy', 0.3]"
87.79493485178266,0.0,0.025320742013198987,4296.857142857143,443.7142857142857,34984.28571428572,764.2857142857143,"[8, 3, 5, 0.3, 25, 0.001, 'mean_squared_error', 0.3]"
87.72256374359131,0.0,0.025449129985645413,4301.875,455.625,34972.25,759.25,"[32, 7, 3, 0.7, 50, 0.001, 'categorical_crossentropy', 0.6]"
87.79580593109131,0.0,0.02542163369556268,4308.333333333333,459.1111111111111,34968.666666666664,752.7777777777778,"[8, 3, 3, 0.7, 50, 0.001, 'categorical_crossentropy', 0.0]"
87.87218272686005,0.0,0.025396535359323024,4317.9,461.8,34965.9,743.2,"[32, 3, 3, 0.3, 25, 0.1, 'categorical_crossentropy', 0.9]"
75.04938840866089,0.0,0.048202794045209885,3643.0,1077.0,34357.0,1419.0,"[8, 7, 3, 0.7, 25, 0.001, 'mean_squared_error', 0.6]"
75.20499527454376,0.0,0.047102754935622215,3700.5,1044.5,34386.0,1361.0,"[16, 5, 5, 0.7, 75, 0.01, 'mean_squared_error', 0.3]"
75.14489690462749,0.0,0.046851035207509995,3711.6666666666665,1054.0,34375.333333333336,1349.6666666666667,"[16, 5, 5, 0.7, 75, 0.001, 'categorical_crossentropy', 0.9]"
75.32231658697128,0.0,0.04556393064558506,3723.75,978.0,34450.75,1337.5,"[16, 3, 5, 0.5, 50, 0.001, 'categorical_crossentropy', 0.9]"
75.37739515304565,0.0,0.04527560323476791,3729.8,977.8,34450.6,1331.4,"[8, 5, 5, 0.7, 50, 0.01, 'categorical_crossentropy', 0.0]"
75.46680470307668,0.0,0.04511631093919277,3735.3333333333335,978.3333333333334,34449.833333333336,1325.8333333333333,"[32, 7, 5, 0.5, 50, 0.1, 'categorical_crossentropy', 0.6]"
75.43187396866935,0.0,0.045235950499773026,3728.8571428571427,982.0,34446.0,1332.2857142857142,"[32, 7, 5, 0.3, 50, 0.1, 'mean_squared_error', 0.9]"
75.5489282310009,0.0,0.045105292927473783,3740.25,984.75,34443.125,1320.875,"[32, 3, 5, 0.7, 75, 0.001, 'mean_squared_error', 0.0]"
75.58727992905511,0.0,0.04510772145456738,3741.1111111111113,988.8888888888889,34438.88888888889,1320.0,"[16, 5, 5, 0.3, 75, 0.1, 'categorical_crossentropy', 0.9]"
75.65155148506165,0.0,0.04492977745831013,3742.2,974.1,34453.6,1318.9,"[16, 3, 3, 0.5, 50, 0.1, 'mean_squared_error', 0.9]"
75.2293586730957,0.0,0.06700490415096283,1.0,0.0,25179.0,3596.0,"[32, 7, 3, 0.5, 50, 0.1, 'mean_squared_error', 0.3]"
73.9227145910263,0.0,0.07313495129346848,0.5,0.0,25179.0,3596.5,"[16, 5, 3, 0.5, 50, 0.01, 'categorical_crossentropy', 0.3]"
73.70957334836324,0.0,0.07435727367798488,0.3333333333333333,0.0,25179.0,3596.6666666666665,"[8, 7, 5, 0.7, 75, 0.01, 'categorical_crossentropy', 0.3]"
73.6933559179306,0.0,0.0751905795186758,0.25,0.0,25179.0,3596.75,"[8, 3, 3, 0.5, 50, 0.001, 'mean_squared_error', 0.0]"
73.38337540626526,0.0,0.07830855995416641,0.2,0.0,25179.0,3596.8,"[16, 7, 5, 0.5, 25, 0.01, 'mean_squared_error', 0.9]"
73.42693010965984,0.0,0.07916172469655673,0.16666666666666666,0.0,25179.0,3596.8333333333335,"[32, 3, 5, 0.7, 25, 0.1, 'categorical_crossentropy', 0.9]"
72.74713090487889,0.0,0.0826539301446506,0.14285714285714285,0.0,25179.0,3596.8571428571427,"[8, 5, 5, 0.5, 25, 0.001, 'mean_squared_error', 0.9]"
72.88712859153748,0.0,0.07974351663142443,304.875,99.375,25079.625,3292.125,"[8, 7, 3, 0.3, 50, 0.001, 'mean_squared_error', 0.3]"
72.95276986228095,0.0,0.07971552759408951,271.0,88.33333333333333,25090.666666666668,3326.0,"[16, 3, 5, 0.3, 25, 0.01, 'categorical_crossentropy', 0.6]"
73.15193116664886,0.0,0.0773179080337286,500.0,154.9,25023.4,3096.9,"[8, 7, 5, 0.3, 25, 0.001, 'mean_squared_error', 0.0]"
82.24022388458252,0.0,0.6171932220458984,3982.0,655.0,34779.0,1080.0,"[16, 5, 3, 0.5, 25, 0.001, 'mean_squared_error', 0.0]"
81.6358208656311,0.0,0.6416507065296173,3911.0,657.0,34773.5,1150.5,"[32, 7, 5, 0.3, 50, 0.01, 'categorical_crossentropy', 0.9]"
81.5002163251241,0.0,0.6489918033281962,3885.6666666666665,661.6666666666666,34767.666666666664,1175.6666666666667,"[8, 7, 3, 0.3, 25, 0.1, 'mean_squared_error', 0.9]"
81.52626901865005,0.0,0.6415043026208878,3911.0,667.25,34761.5,1150.25,"[32, 3, 3, 0.3, 25, 0.001, 'mean_squared_error', 0.0]"
81.25342011451721,0.0,0.6430593132972717,3897.6,663.2,34765.2,1163.6,"[32, 5, 3, 0.3, 75, 0.001, 'mean_squared_error', 0.0]"
81.34485284487407,0.0,0.6463921467463175,3856.3333333333335,655.0,34773.166666666664,1204.8333333333333,"[8, 5, 3, 0.5, 75, 0.001, 'categorical_crossentropy', 0.3]"
81.0601464339665,0.0,0.6553106393132891,3835.1428571428573,669.2857142857143,34758.71428571428,1226.0,"[8, 7, 5, 0.5, 25, 0.1, 'categorical_crossentropy', 0.9]"
80.97257986664772,0.0,0.6571327298879623,3815.375,664.625,34763.25,1245.75,"[8, 7, 3, 0.7, 25, 0.001, 'categorical_crossentropy', 0.3]"
81.0844984319475,0.0,0.6592100196414523,3816.1111111111113,668.2222222222222,34759.555555555555,1245.0,"[8, 5, 3, 0.3, 75, 0.01, 'mean_squared_error', 0.3]"
81.13451540470123,0.0,0.6581247031688691,3822.4,669.5,34758.2,1238.7,"[16, 7, 5, 0.5, 50, 0.1, 'categorical_crossentropy', 0.6]"
75.12840628623962,0.0,0.042301297187805176,3713.0,723.0,34711.0,1349.0,"[16, 7, 3, 0.5, 25, 0.01, 'mean_squared_error', 0.3]"
75.21486580371857,0.0,0.04283845238387585,3669.5,798.0,34632.5,1392.0,"[16, 5, 5, 0.5, 50, 0.01, 'categorical_crossentropy', 0.0]"
75.30954877535503,0.0,0.04334071030219396,3681.3333333333335,833.0,34596.333333333336,1380.0,"[32, 5, 5, 0.3, 50, 0.1, 'mean_squared_error', 0.3]"
76.35471671819687,0.0,0.04245470371097326,3727.75,796.0,34632.75,1333.5,"[8, 3, 5, 0.5, 25, 0.1, 'mean_squared_error', 0.9]"
76.41671180725098,0.0,0.042584382742643354,3727.2,800.0,34628.4,1334.0,"[32, 3, 5, 0.3, 50, 0.001, 'mean_squared_error', 0.3]"
76.72478755315144,0.0,0.04246037205060323,3724.3333333333335,801.1666666666666,34627.0,1336.8333333333333,"[32, 5, 5, 0.3, 25, 0.001, 'mean_squared_error', 0.6]"
76.60329427037921,0.0,0.042553095413105826,3707.714285714286,800.4285714285714,34627.57142857143,1353.4285714285713,"[16, 3, 3, 0.7, 50, 0.001, 'mean_squared_error', 0.3]"
76.48747563362122,0.0,0.04280874039977789,3711.375,819.875,34608.0,1349.75,"[16, 5, 3, 0.3, 25, 0.001, 'mean_squared_error', 0.6]"
76.51814354790582,0.0,0.04288330549995104,3713.8888888888887,826.7777777777778,34601.0,1347.2222222222222,"[32, 5, 3, 0.7, 25, 0.001, 'categorical_crossentropy', 0.6]"
76.45771443843842,0.0,0.04271198511123657,3718.9,809.8,34617.9,1342.2,"[8, 5, 5, 0.7, 75, 0.01, 'mean_squared_error', 0.9]"
74.7728168964386,0.0,0.04911308363080025,3769.0,1097.0,34337.0,1293.0,"[8, 5, 5, 0.3, 75, 0.1, 'mean_squared_error', 0.9]"
75.75827240943909,0.0,0.04659709706902504,3767.0,1060.0,34370.5,1294.5,"[32, 7, 5, 0.5, 25, 0.1, 'categorical_crossentropy', 0.0]"
75.53350726763408,0.0,0.04609467958410581,3724.0,1000.0,34429.333333333336,1337.3333333333333,"[32, 7, 5, 0.3, 25, 0.1, 'mean_squared_error', 0.0]"
75.43100416660309,0.0,0.0465700700879097,3726.0,1041.0,34387.75,1335.25,"[8, 3, 3, 0.3, 75, 0.001, 'mean_squared_error', 0.3]"
75.4682970046997,0.0,0.04643686786293984,3735.8,1027.4,34401.0,1325.4,"[32, 3, 3, 0.7, 50, 0.1, 'categorical_crossentropy', 0.3]"
75.598539908727,0.0,0.04610311364134153,3738.0,1022.0,34406.166666666664,1323.1666666666667,"[32, 3, 5, 0.3, 25, 0.01, 'categorical_crossentropy', 0.0]"
75.65487538065229,0.0,0.0462207810154983,3741.1428571428573,1032.857142857143,34395.142857142855,1320.0,"[8, 5, 5, 0.3, 50, 0.01, 'categorical_crossentropy', 0.0]"
75.6156213581562,0.0,0.04619471589103341,3746.375,1025.5,34402.375,1314.75,"[32, 5, 3, 0.7, 75, 0.01, 'mean_squared_error', 0.6]"
75.70364409022861,0.0,0.04605431192451053,3754.777777777778,1033.888888888889,34393.88888888889,1306.3333333333333,"[16, 3, 5, 0.3, 25, 0.001, 'mean_squared_error', 0.9]"
75.64365327358246,0.0,0.04625632017850876,3755.4,1044.2,34383.5,1305.7,"[16, 5, 5, 0.5, 25, 0.01, 'mean_squared_error', 0.9]"
91.0496711730957,0.0,0.31418246030807495,1923.0,160.0,14778.0,211.0,"[16, 7, 5, 0.7, 75, 0.01, 'mean_squared_error', 0.9]"
91.72736704349518,0.0,0.3014659583568573,1922.5,138.0,14796.5,211.0,"[16, 5, 3, 0.7, 50, 0.01, 'mean_squared_error', 0.0]"
91.51569803555806,0.0,0.3063206573327382,1923.3333333333333,144.66666666666666,14788.666666666666,210.0,"[16, 7, 3, 0.7, 75, 0.01, 'mean_squared_error', 0.0]"
91.73803925514221,0.0,0.30480437725782394,1922.75,140.25,14792.5,210.5,"[8, 7, 3, 0.5, 25, 0.01, 'mean_squared_error', 0.0]"
91.76830291748047,0.0,0.3016007661819458,1926.6,141.2,14791.2,206.6,"[32, 5, 5, 0.7, 75, 0.001, 'mean_squared_error', 0.6]"
91.81973338127136,0.0,0.2972937822341919,1929.1666666666667,139.83333333333334,14792.333333333334,204.0,"[16, 3, 5, 0.3, 50, 0.1, 'categorical_crossentropy', 0.0]"
91.71582290104458,0.0,0.3013456846986498,1926.2857142857142,142.0,14790.0,206.85714285714286,"[16, 7, 3, 0.3, 75, 0.01, 'categorical_crossentropy', 0.9]"
91.60272777080536,0.0,0.3027302026748657,1925.5,144.125,14787.75,207.625,"[16, 3, 3, 0.7, 75, 0.01, 'mean_squared_error', 0.6]"
91.51997433768378,0.0,0.30832771129078335,1921.111111111111,144.33333333333334,14787.444444444445,212.0,"[16, 7, 3, 0.3, 25, 0.001, 'mean_squared_error', 0.3]"
91.68818295001984,0.0,0.3044294208288193,1925.2,141.9,14789.8,207.9,"[8, 5, 5, 0.7, 75, 0.01, 'mean_squared_error', 0.0]"
61.04477643966675,0.0,1.3633100986480713,384.0,172.0,4518.0,286.0,"[16, 3, 5, 0.5, 75, 0.001, 'mean_squared_error', 0.0]"
58.88059735298157,0.0,1.4071749448776245,371.0,195.0,4495.0,299.0,"[16, 7, 3, 0.3, 75, 0.001, 'categorical_crossentropy', 0.9]"
59.80099439620972,0.0,1.3902965386708577,378.3333333333333,181.0,4509.0,291.6666666666667,"[32, 3, 3, 0.3, 25, 0.1, 'mean_squared_error', 0.6]"
59.873166680336,0.0,1.3846525847911835,374.75,180.0,4508.25,295.0,"[8, 7, 3, 0.5, 25, 0.1, 'mean_squared_error', 0.3]"
60.33500552177429,0.0,1.365100121498108,381.0,176.0,4511.2,288.6,"[16, 5, 5, 0.7, 25, 0.001, 'categorical_crossentropy', 0.0]"
60.66781083742777,0.0,1.3529384930928547,382.0,179.5,4507.0,287.5,"[8, 7, 3, 0.3, 75, 0.1, 'categorical_crossentropy', 0.0]"
60.77740618160793,0.0,1.3542875392096383,380.0,175.85714285714286,4510.142857142857,289.42857142857144,"[16, 7, 3, 0.3, 25, 0.001, 'categorical_crossentropy', 0.9]"
60.61670258641243,0.0,1.3635473251342773,357.0,169.625,4516.0,312.375,"[16, 7, 3, 0.5, 75, 0.1, 'mean_squared_error', 0.9]"
60.19275718265109,0.0,1.3767491976420085,353.0,172.11111111111111,4513.222222222223,316.3333333333333,"[32, 3, 5, 0.5, 25, 0.01, 'mean_squared_error', 0.9]"
60.0030779838562,0.0,1.3847195386886597,353.3,175.7,4509.4,316.0,"[32, 7, 3, 0.5, 50, 0.01, 'categorical_crossentropy', 0.0]"
75.62228441238403,0.0,0.8743199706077576,3827.0,1220.0,34214.0,1235.0,"[32, 3, 3, 0.5, 50, 0.01, 'categorical_crossentropy', 0.9]"
75.47168433666229,0.0,0.8443616032600403,3819.5,1219.0,34211.5,1242.0,"[32, 3, 3, 0.5, 75, 0.01, 'categorical_crossentropy', 0.6]"
75.34903486569722,0.0,0.8859620690345764,3780.0,1190.0,34239.333333333336,1281.3333333333333,"[8, 7, 5, 0.5, 50, 0.1, 'mean_squared_error', 0.3]"
75.44084191322327,0.0,0.8861569762229919,3792.75,1166.0,34262.75,1268.5,"[8, 3, 5, 0.5, 50, 0.1, 'mean_squared_error', 0.9]"
75.40108323097229,0.0,0.9025938868522644,3787.8,1177.8,34250.6,1273.4,"[16, 5, 5, 0.5, 75, 0.01, 'categorical_crossentropy', 0.9]"
75.62815050284068,0.0,0.9013579487800598,3790.1666666666665,1124.8333333333333,34303.333333333336,1271.0,"[16, 7, 3, 0.5, 75, 0.001, 'mean_squared_error', 0.3]"
75.5786384854998,0.0,0.9037063036646161,3743.8571428571427,1036.857142857143,34391.142857142855,1317.2857142857142,"[16, 5, 5, 0.3, 50, 0.1, 'categorical_crossentropy', 0.3]"
75.66005811095238,0.0,0.8866207450628281,3757.875,1030.125,34397.75,1303.25,"[32, 7, 3, 0.3, 50, 0.001, 'categorical_crossentropy', 0.0]"
75.70362554656134,0.0,0.8805091579755148,3767.8888888888887,1034.5555555555557,34393.22222222222,1293.2222222222222,"[16, 3, 5, 0.5, 50, 0.1, 'categorical_crossentropy', 0.9]"
75.64758837223053,0.0,0.877320384979248,3769.4,1047.5,34380.2,1291.7,"[16, 3, 5, 0.7, 50, 0.1, 'mean_squared_error', 0.3]"
59.5522403717041,0.0,1.4037872552871704,381.0,204.0,4486.0,289.0,"[16, 7, 3, 0.3, 25, 0.01, 'categorical_crossentropy', 0.9]"
61.641791462898254,0.0,1.332657814025879,391.5,184.0,4506.0,278.5,"[8, 5, 5, 0.3, 75, 0.001, 'categorical_crossentropy', 0.6]"
60.497512420018516,0.0,1.3473186095555623,384.3333333333333,195.0,4495.0,285.6666666666667,"[8, 5, 3, 0.3, 75, 0.01, 'categorical_crossentropy', 0.9]"
59.49869453907013,0.0,1.357786238193512,379.0,192.0,4496.25,290.75,"[8, 7, 5, 0.7, 50, 0.1, 'mean_squared_error', 0.3]"
60.3044867515564,0.0,1.3442238807678222,382.2,181.6,4505.6,287.4,"[8, 3, 3, 0.3, 75, 0.1, 'mean_squared_error', 0.6]"
59.89499489466349,0.0,1.3482621908187866,378.5,180.0,4506.5,291.0,"[8, 5, 3, 0.5, 50, 0.01, 'categorical_crossentropy', 0.0]"
60.05093114716666,0.0,1.3457372188568115,379.0,184.57142857142858,4501.428571428572,290.42857142857144,"[16, 7, 3, 0.7, 75, 0.1, 'mean_squared_error', 0.9]"
59.68208312988281,0.0,1.3502865582704544,375.875,182.0,4503.625,293.5,"[8, 3, 5, 0.5, 25, 0.01, 'mean_squared_error', 0.9]"
59.694155057271324,0.0,1.3519842889573839,375.1111111111111,180.77777777777777,4504.555555555556,294.22222222222223,"[16, 5, 3, 0.3, 25, 0.1, 'categorical_crossentropy', 0.9]"
59.95792329311371,0.0,1.3348575830459595,377.6,179.9,4505.2,291.7,"[8, 7, 5, 0.3, 75, 0.1, 'mean_squared_error', 0.9]"
85.1452648639679,0.0,0.5754663348197937,1677.0,210.0,14728.0,457.0,"[16, 7, 5, 0.3, 50, 0.1, 'mean_squared_error', 0.9]"
85.7746958732605,0.0,0.5370677262544632,1713.5,210.5,14724.0,420.0,"[32, 5, 5, 0.5, 50, 0.01, 'mean_squared_error', 0.6]"
85.76572140057881,0.0,0.5174481173356374,1726.0,209.66666666666666,14723.666666666666,407.3333333333333,"[8, 5, 5, 0.5, 25, 0.01, 'mean_squared_error', 0.6]"
85.93704253435135,0.0,0.5181499645113945,1736.25,212.0,14720.75,397.0,"[16, 7, 5, 0.7, 75, 0.001, 'mean_squared_error', 0.6]"
85.62727093696594,0.0,0.5182441651821137,1733.0,222.4,14710.0,400.2,"[16, 7, 3, 0.3, 50, 0.001, 'mean_squared_error', 0.0]"
85.46763857205708,0.0,0.5197417388359705,1729.6666666666667,227.16666666666666,14705.0,403.5,"[16, 5, 5, 0.5, 25, 0.01, 'mean_squared_error', 0.6]"
85.44738037245614,0.0,0.5187066750867027,1731.857142857143,229.42857142857142,14702.57142857143,401.2857142857143,"[32, 5, 3, 0.5, 25, 0.1, 'categorical_crossentropy', 0.3]"
85.03368720412254,0.0,0.52857930585742,1725.5,238.25,14693.625,407.625,"[32, 5, 3, 0.3, 25, 0.01, 'categorical_crossentropy', 0.0]"
85.14428469869826,0.0,0.5262530214256711,1728.111111111111,237.55555555555554,14694.222222222223,405.0,"[32, 7, 3, 0.3, 25, 0.1, 'mean_squared_error', 0.6]"
84.85301613807678,0.0,0.528608712553978,1724.6,240.2,14691.5,408.5,"[8, 5, 3, 0.5, 75, 0.1, 'mean_squared_error', 0.0]"
75.72106122970581,0.0,0.05201905593276024,3667.0,1134.0,34300.0,1395.0,"[32, 3, 5, 0.3, 25, 0.001, 'mean_squared_error', 0.0]"
74.48372840881348,0.0,0.05348057113587856,3623.0,1123.5,34307.0,1438.5,"[16, 7, 3, 0.3, 50, 0.1, 'mean_squared_error', 0.0]"
74.93409117062886,0.0,0.0528613825639089,3651.3333333333335,1122.3333333333333,34307.0,1410.0,"[8, 7, 3, 0.7, 75, 0.001, 'mean_squared_error', 0.0]"
74.3540957570076,0.0,0.05727146938443184,2741.25,856.0,34572.75,2320.0,"[8, 3, 3, 0.3, 75, 0.1, 'categorical_crossentropy', 0.9]"
74.65023994445801,0.0,0.05597488507628441,2923.0,915.2,34513.2,2138.2,"[16, 5, 5, 0.3, 50, 0.001, 'categorical_crossentropy', 0.9]"
74.70935682455699,0.0,0.05774965820213159,2635.6666666666665,851.5,34576.666666666664,2425.5,"[16, 7, 5, 0.5, 25, 0.001, 'categorical_crossentropy', 0.0]"
74.8052145753588,0.0,0.05668280965515545,2787.714285714286,895.1428571428571,34532.857142857145,2273.4285714285716,"[32, 3, 5, 0.7, 25, 0.1, 'categorical_crossentropy', 0.6]"
74.94873404502869,0.0,0.056103633251041174,2900.5,930.125,34497.75,2160.625,"[32, 7, 3, 0.3, 50, 0.1, 'categorical_crossentropy', 0.6]"
74.81447127130296,0.0,0.05831519721282853,2578.222222222222,826.7777777777778,34601.0,2482.8888888888887,"[16, 7, 3, 0.3, 75, 0.001, 'categorical_crossentropy', 0.6]"
74.88489151000977,0.0,0.06005716435611248,2320.4,744.1,34683.6,2740.7,"[16, 7, 5, 0.5, 25, 0.01, 'categorical_crossentropy', 0.0]"
74.50653314590454,0.0,0.057427965104579926,2407.0,494.0,24685.0,1190.0,"[8, 7, 3, 0.3, 50, 0.001, 'categorical_crossentropy', 0.9]"
74.20072257518768,0.0,0.06864633411169052,1203.5,247.0,24932.0,2393.5,"[32, 5, 3, 0.3, 50, 0.01, 'mean_squared_error', 0.0]"
74.43239688873291,0.0,0.06425444160898526,1620.6666666666667,375.6666666666667,24803.333333333332,1976.3333333333333,"[16, 5, 5, 0.5, 75, 0.01, 'mean_squared_error', 0.3]"
73.52654933929443,0.0,0.07199705298990011,1215.5,281.75,24897.25,2381.5,"[8, 3, 5, 0.7, 75, 0.1, 'categorical_crossentropy', 0.9]"
73.66694450378418,0.0,0.07082997635006905,1023.8,226.8,24952.2,2573.2,"[8, 5, 5, 0.7, 75, 0.1, 'categorical_crossentropy', 0.3]"
73.37132791678111,0.0,0.07405073878665765,853.1666666666666,189.0,24990.0,2743.8333333333335,"[16, 5, 3, 0.7, 50, 0.1, 'categorical_crossentropy', 0.3]"
73.35477982248578,0.0,0.07124588851417814,1091.857142857143,290.7142857142857,24888.285714285714,2505.1428571428573,"[8, 7, 5, 0.7, 50, 0.001, 'mean_squared_error', 0.6]"
73.42229634523392,0.0,0.069620949216187,1241.25,309.75,24869.25,2355.75,"[8, 7, 5, 0.5, 75, 0.1, 'categorical_crossentropy', 0.0]"
73.22768966356914,0.0,0.06874136212799284,1331.2222222222222,325.6666666666667,24853.333333333332,2265.777777777778,"[32, 5, 3, 0.3, 75, 0.1, 'mean_squared_error', 0.6]"
73.4299486875534,0.0,0.0696171134710312,1198.1,293.1,24885.2,2398.8,"[16, 3, 3, 0.3, 75, 0.1, 'mean_squared_error', 0.9]"
82.62441158294678,0.0,0.031141741201281548,2934.0,448.0,24731.0,663.0,"[16, 3, 5, 0.5, 25, 0.1, 'mean_squared_error', 0.9]"
82.76341557502747,0.0,0.03342637699097395,2867.0,498.0,24681.0,730.0,"[32, 3, 3, 0.7, 50, 0.001, 'categorical_crossentropy', 0.3]"
82.38346974054973,0.0,0.0343886793901523,2805.3333333333335,440.6666666666667,24738.333333333332,791.6666666666666,"[16, 7, 5, 0.3, 50, 0.001, 'mean_squared_error', 0.6]"
82.63136148452759,0.0,0.03459130460396409,2833.75,460.75,24718.25,763.25,"[32, 7, 3, 0.3, 25, 0.01, 'mean_squared_error', 0.6]"
82.18515634536743,0.0,0.036865368112921716,2690.6,394.8,24784.2,906.4,"[8, 3, 3, 0.7, 25, 0.1, 'mean_squared_error', 0.0]"
82.4390709400177,0.0,0.03616430268933376,2710.1666666666665,401.6666666666667,24777.333333333332,886.8333333333334,"[32, 5, 5, 0.5, 50, 0.01, 'mean_squared_error', 0.3]"
82.5290926865169,0.0,0.0356281902641058,2737.4285714285716,409.42857142857144,24769.571428571428,859.5714285714286,"[8, 3, 3, 0.5, 25, 0.01, 'categorical_crossentropy', 0.0]"
82.56880789995193,0.0,0.03570936084724963,2746.5,427.125,24751.875,850.5,"[32, 7, 5, 0.7, 25, 0.001, 'categorical_crossentropy', 0.3]"
82.24446376164754,0.0,0.03678581967122025,2691.1111111111113,400.3333333333333,24778.666666666668,905.8888888888889,"[16, 5, 5, 0.3, 25, 0.1, 'categorical_crossentropy', 0.0]"
82.27641344070435,0.0,0.036646497435867786,2705.2,409.1,24769.2,891.7,"[8, 5, 3, 0.5, 25, 0.01, 'mean_squared_error', 0.0]"
73.80505800247192,0.0,0.9590957760810852,1553.0,392.0,14546.0,581.0,"[32, 5, 5, 0.3, 75, 0.1, 'mean_squared_error', 0.6]"
72.67374396324158,0.0,1.0309779942035675,1514.5,468.0,14466.5,619.0,"[32, 7, 3, 0.5, 25, 0.001, 'mean_squared_error', 0.9]"
72.2497562567393,0.0,1.042711317539215,1493.6666666666667,504.0,14429.333333333334,639.6666666666666,"[16, 5, 3, 0.7, 50, 0.001, 'mean_squared_error', 0.0]"
71.82679176330566,0.0,1.0486472994089127,1494.0,531.75,14401.0,639.25,"[32, 7, 5, 0.3, 50, 0.1, 'categorical_crossentropy', 0.6]"
71.85430765151978,0.0,1.0453073143959046,1498.4,544.4,14388.0,634.8,"[32, 3, 3, 0.3, 50, 0.001, 'mean_squared_error', 0.0]"
72.06018070379893,0.0,1.0530281762282054,1409.3333333333333,475.8333333333333,14456.333333333334,723.8333333333334,"[32, 3, 3, 0.5, 50, 0.01, 'categorical_crossentropy', 0.6]"
72.16035042490277,0.0,1.050735822745732,1427.5714285714287,489.85714285714283,14442.142857142857,705.5714285714286,"[16, 3, 3, 0.5, 25, 0.1, 'mean_squared_error', 0.6]"
72.30580151081085,0.0,1.0527762100100517,1435.0,489.0,14442.875,698.125,"[8, 3, 5, 0.3, 75, 0.001, 'mean_squared_error', 0.6]"
72.33037418789334,0.0,1.0536735653877258,1439.3333333333333,482.3333333333333,14449.444444444445,693.7777777777778,"[8, 3, 3, 0.7, 50, 0.1, 'mean_squared_error', 0.9]"
72.42973268032074,0.0,1.0460533142089843,1448.9,487.2,14444.5,684.2,"[8, 3, 5, 0.3, 50, 0.001, 'categorical_crossentropy', 0.3]"
56.232428550720215,0.0,0.10480712354183197,0.0,0.0,14938.0,2134.0,"[16, 7, 3, 0.7, 75, 0.001, 'categorical_crossentropy', 0.3]"
64.00463581085205,0.0,0.09820391610264778,0.0,0.0,14934.5,2133.5,"[32, 3, 5, 0.5, 25, 0.01, 'mean_squared_error', 0.0]"
66.4078414440155,0.0,0.09778257211049397,0.0,0.0,14933.333333333334,2133.3333333333335,"[16, 7, 3, 0.3, 25, 0.01, 'mean_squared_error', 0.0]"
67.86729693412781,0.0,0.0940606165677309,0.0,0.0,14932.75,2133.25,"[16, 5, 3, 0.7, 50, 0.01, 'mean_squared_error', 0.3]"
55.034578293561935,0.0,0.09683939665555955,0.0,0.0,14932.4,2133.2,"[8, 7, 5, 0.5, 25, 0.001, 'mean_squared_error', 0.9]"
57.0435835669438,0.0,0.09558186804254849,0.0,0.0,14932.166666666666,2133.1666666666665,"[32, 3, 5, 0.7, 50, 0.01, 'mean_squared_error', 0.6]"
49.39011335372925,0.0,0.09772521044526782,0.0,0.14285714285714285,14931.857142857143,2133.1428571428573,"[16, 3, 5, 0.5, 75, 0.01, 'mean_squared_error', 0.9]"
51.97748392820358,0.0,0.09548540227115154,0.0,0.125,14931.75,2133.125,"[8, 5, 3, 0.7, 75, 0.01, 'categorical_crossentropy', 0.9]"
54.057602087656655,0.0,0.0958492507537206,0.0,0.1111111111111111,14931.666666666666,2133.1111111111113,"[32, 5, 5, 0.5, 75, 0.01, 'categorical_crossentropy', 0.6]"
55.576361417770386,0.0,0.09526399821043015,0.0,0.1,14931.6,2133.1,"[32, 7, 3, 0.5, 75, 0.1, 'categorical_crossentropy', 0.0]"
85.23769974708557,0.0,0.028874732553958893,2962.0,359.0,24820.0,635.0,"[8, 5, 3, 0.5, 25, 0.1, 'categorical_crossentropy', 0.0]"
85.12649536132812,0.0,0.02942047081887722,2956.5,387.0,24792.0,640.5,"[8, 5, 5, 0.5, 75, 0.001, 'mean_squared_error', 0.3]"
85.6732467810313,0.0,0.028675259401400883,2972.3333333333335,378.3333333333333,24800.666666666668,624.6666666666666,"[16, 7, 5, 0.3, 75, 0.1, 'mean_squared_error', 0.0]"
85.41145473718643,0.0,0.02885941741988063,2963.75,379.75,24799.25,633.25,"[16, 5, 3, 0.5, 25, 0.001, 'mean_squared_error', 0.6]"
85.43230533599854,0.0,0.028998810052871703,2967.2,383.8,24795.2,629.8,"[8, 5, 3, 0.5, 50, 0.1, 'categorical_crossentropy', 0.6]"
85.05699237187703,0.0,0.029722215607762337,2951.8333333333335,388.6666666666667,24790.333333333332,645.1666666666666,"[32, 7, 3, 0.5, 50, 0.001, 'categorical_crossentropy', 0.3]"
84.75713900157383,0.0,0.030300702367510115,2921.8571428571427,377.0,24802.0,675.1428571428571,"[8, 7, 3, 0.3, 25, 0.001, 'categorical_crossentropy', 0.3]"
84.67125371098518,0.0,0.030456163454800844,2921.875,388.0,24791.0,675.125,"[32, 7, 5, 0.7, 75, 0.001, 'categorical_crossentropy', 0.9]"
84.93806587325201,0.0,0.030175220428241625,2930.3333333333335,385.22222222222223,24793.777777777777,666.6666666666666,"[16, 3, 5, 0.3, 25, 0.01, 'mean_squared_error', 0.0]"
84.89253520965576,0.0,0.03035815116018057,2927.0,390.1,24788.2,669.9,"[16, 5, 3, 0.7, 50, 0.01, 'categorical_crossentropy', 0.3]"
74.4787335395813,0.0,0.05004288628697395,2592.0,869.0,24310.0,1005.0,"[32, 3, 5, 0.7, 50, 0.001, 'categorical_crossentropy', 0.0]"
74.84014630317688,0.0,0.04993731528520584,2602.0,856.0,24323.0,995.0,"[16, 3, 5, 0.7, 25, 0.1, 'mean_squared_error', 0.9]"
74.7011403242747,0.0,0.05031383285919825,2591.3333333333335,839.6666666666666,24339.333333333332,1005.6666666666666,"[8, 3, 3, 0.5, 25, 0.001, 'categorical_crossentropy', 0.9]"
74.92354810237885,0.0,0.049410044215619564,2609.25,822.0,24357.0,987.75,"[32, 7, 5, 0.5, 75, 0.001, 'mean_squared_error', 0.9]"
74.9124276638031,0.0,0.04911694526672363,2614.0,813.2,24365.8,983.0,"[16, 3, 5, 0.7, 25, 0.01, 'mean_squared_error', 0.9]"
74.91428057352702,0.0,0.04856806558867296,2619.0,807.8333333333334,24371.166666666668,978.0,"[16, 5, 3, 0.3, 75, 0.001, 'mean_squared_error', 0.0]"
74.67333929879325,0.0,0.049067074699061256,2612.1428571428573,817.8571428571429,24361.14285714286,984.8571428571429,"[32, 3, 5, 0.5, 50, 0.1, 'categorical_crossentropy', 0.3]"
74.85752031207085,0.0,0.048707965295761824,2623.75,815.875,24363.125,973.25,"[16, 7, 5, 0.3, 25, 0.001, 'categorical_crossentropy', 0.6]"
74.79998800489638,0.0,0.049161110487249166,2617.0,823.4444444444445,24355.555555555555,980.0,"[8, 3, 3, 0.7, 25, 0.01, 'categorical_crossentropy', 0.0]"
74.6753841638565,0.0,0.04946984648704529,2618.8,835.4,24342.9,978.1,"[16, 7, 5, 0.3, 50, 0.1, 'categorical_crossentropy', 0.6]"
79.85074520111084,0.0,0.6733318567276001,523.0,113.0,4577.0,147.0,"[32, 3, 3, 0.3, 50, 0.1, 'mean_squared_error', 0.6]"
80.52238821983337,0.0,0.6166010200977325,529.5,115.5,4574.5,140.5,"[8, 5, 3, 0.7, 50, 0.01, 'categorical_crossentropy', 0.6]"
78.95522316296895,0.0,0.6346100767453512,518.0,124.33333333333333,4565.666666666667,152.0,"[8, 3, 5, 0.5, 50, 0.001, 'mean_squared_error', 0.0]"
79.99369651079178,0.0,0.6128331422805786,521.5,111.0,4577.25,148.25,"[8, 7, 5, 0.7, 75, 0.01, 'categorical_crossentropy', 0.9]"
79.3013846874237,0.0,0.6339621543884277,519.2,117.6,4569.6,150.4,"[16, 7, 3, 0.5, 25, 0.1, 'mean_squared_error', 0.6]"
79.68687911828358,0.0,0.6339287360509237,517.0,110.5,4576.0,152.5,"[8, 3, 3, 0.5, 25, 0.01, 'mean_squared_error', 0.9]"
80.47472408839634,0.0,0.6189177717481341,519.7142857142857,104.28571428571429,4581.714285714285,149.71428571428572,"[32, 7, 3, 0.3, 75, 0.1, 'categorical_crossentropy', 0.9]"
81.14034608006477,0.0,0.6078657805919647,522.125,99.0,4586.625,147.25,"[16, 5, 5, 0.7, 25, 0.1, 'mean_squared_error', 0.0]"
81.20962182680766,0.0,0.607764893107944,520.7777777777778,97.88888888888889,4587.444444444444,148.55555555555554,"[8, 7, 5, 0.3, 75, 0.01, 'categorical_crossentropy', 0.9]"
81.32483303546906,0.0,0.6073139131069183,519.0,96.3,4588.8,150.3,"[8, 3, 5, 0.3, 75, 0.001, 'categorical_crossentropy', 0.0]"
88.73962759971619,0.0,0.37086623907089233,4438.0,495.0,34939.0,624.0,"[8, 7, 3, 0.5, 75, 0.01, 'mean_squared_error', 0.0]"
89.01514112949371,0.0,0.37727686762809753,4439.0,460.5,34970.0,622.5,"[16, 5, 3, 0.7, 75, 0.001, 'mean_squared_error', 0.9]"
88.8632853825887,0.0,0.3854876160621643,4440.666666666667,474.3333333333333,34955.0,620.6666666666666,"[8, 3, 3, 0.3, 75, 0.001, 'categorical_crossentropy', 0.6]"
88.94542902708054,0.0,0.3831121549010277,4449.5,474.0,34954.75,611.75,"[8, 5, 3, 0.5, 25, 0.01, 'categorical_crossentropy', 0.0]"
89.04213666915894,0.0,0.3793320536613464,4452.0,469.0,34959.4,609.2,"[8, 5, 5, 0.3, 50, 0.1, 'categorical_crossentropy', 0.0]"
89.12307421366374,0.0,0.37714624404907227,4454.5,468.1666666666667,34960.0,606.6666666666666,"[16, 3, 3, 0.5, 75, 0.001, 'categorical_crossentropy', 0.9]"
89.06797851834979,0.0,0.3784885789666857,4451.142857142857,468.2857142857143,34959.71428571428,610.0,"[8, 5, 5, 0.5, 25, 0.001, 'mean_squared_error', 0.6]"
89.15508985519409,0.0,0.379161786288023,4445.625,459.375,34968.5,615.5,"[8, 5, 3, 0.5, 50, 0.1, 'categorical_crossentropy', 0.9]"
89.40506445036993,0.0,0.3793616162406074,4446.333333333333,443.55555555555554,34984.22222222222,614.7777777777778,"[8, 3, 5, 0.3, 75, 0.1, 'categorical_crossentropy', 0.3]"
89.40152704715729,0.0,0.37819416224956515,4447.8,442.9,34984.8,613.3,"[32, 7, 3, 0.5, 25, 0.001, 'categorical_crossentropy', 0.0]"
59.850746393203735,0.0,1.4294934272766113,328.0,141.0,4549.0,342.0,"[32, 7, 3, 0.3, 75, 0.1, 'mean_squared_error', 0.9]"
60.44776141643524,0.0,1.401671051979065,356.0,165.0,4525.0,314.0,"[8, 7, 3, 0.7, 25, 0.01, 'mean_squared_error', 0.3]"
60.945274432500206,0.0,1.3815386295318604,360.6666666666667,168.33333333333334,4521.666666666667,309.3333333333333,"[32, 3, 3, 0.7, 25, 0.01, 'mean_squared_error', 0.3]"
60.95559298992157,0.0,1.374180555343628,363.0,163.25,4525.0,306.75,"[16, 3, 5, 0.7, 50, 0.001, 'categorical_crossentropy', 0.3]"
60.154608488082886,0.0,1.3730351209640503,362.0,162.6,4524.6,307.6,"[8, 7, 3, 0.3, 25, 0.1, 'categorical_crossentropy', 0.0]"
60.36800344785055,0.0,1.3923635085423787,337.6666666666667,152.5,4534.0,331.8333333333333,"[32, 7, 3, 0.7, 75, 0.1, 'mean_squared_error', 0.0]"
60.5844897883279,0.0,1.387540340423584,344.42857142857144,156.14285714285714,4529.857142857143,325.0,"[8, 3, 3, 0.5, 25, 0.1, 'mean_squared_error', 0.9]"
60.485269874334335,0.0,1.3971867710351944,347.0,168.75,4516.875,322.375,"[32, 7, 5, 0.3, 25, 0.1, 'categorical_crossentropy', 0.9]"
60.075928105248344,0.0,1.400587757428487,347.0,173.55555555555554,4511.777777777777,322.3333333333333,"[16, 5, 5, 0.3, 25, 0.01, 'mean_squared_error', 0.6]"
60.00256538391113,0.0,1.4031577587127686,335.8,164.8,4520.3,333.5,"[32, 7, 5, 0.5, 25, 0.01, 'categorical_crossentropy', 0.0]"
76.88660621643066,0.0,0.046259135007858276,3888.0,995.0,34439.0,1174.0,"[32, 3, 5, 0.5, 75, 0.001, 'mean_squared_error', 0.6]"
76.08408629894257,0.0,0.04831035062670708,3839.0,1054.5,34376.0,1222.5,"[16, 7, 3, 0.3, 75, 0.1, 'mean_squared_error', 0.0]"
75.84951122601827,0.0,0.048556228478749595,3804.3333333333335,1069.3333333333333,34360.0,1257.0,"[16, 7, 5, 0.7, 75, 0.1, 'mean_squared_error', 0.3]"
75.5840316414833,0.0,0.04864053428173065,3799.0,1060.25,34368.5,1262.25,"[16, 3, 3, 0.5, 75, 0.001, 'categorical_crossentropy', 0.3]"
75.5986225605011,0.0,0.04793021082878113,3798.6,1081.2,34347.2,1262.6,"[16, 7, 3, 0.7, 50, 0.001, 'mean_squared_error', 0.9]"
75.5918840567271,0.0,0.04787962635358175,3798.6666666666665,1092.3333333333333,34335.833333333336,1262.5,"[8, 3, 3, 0.7, 75, 0.1, 'mean_squared_error', 0.9]"
75.6576384816851,0.0,0.047810224550110955,3795.5714285714284,1095.2857142857142,34332.71428571428,1265.5714285714287,"[8, 7, 5, 0.7, 75, 0.01, 'mean_squared_error', 0.6]"
75.61309933662415,0.0,0.04748502327129245,3792.75,1069.125,34358.75,1268.375,"[16, 5, 3, 0.3, 75, 0.1, 'categorical_crossentropy', 0.0]"
75.64871178732977,0.0,0.047490115380949445,3797.1111111111113,1078.6666666666667,34349.11111111111,1264.0,"[8, 7, 3, 0.7, 25, 0.1, 'categorical_crossentropy', 0.9]"
75.64953923225403,0.0,0.04751580134034157,3784.5,1068.3,34359.4,1276.6,"[16, 5, 5, 0.7, 75, 0.001, 'mean_squared_error', 0.6]"
94.54761147499084,0.0,0.18374218046665192,4766.0,240.0,35194.0,296.0,"[8, 3, 5, 0.5, 25, 0.001, 'categorical_crossentropy', 0.0]"
94.78417932987213,0.0,0.1789981573820114,4778.0,227.5,35203.0,283.5,"[16, 7, 5, 0.5, 50, 0.1, 'mean_squared_error', 0.3]"
94.32295759518941,0.0,0.19291996955871582,4750.666666666667,239.66666666666666,35189.666666666664,310.6666666666667,"[32, 5, 3, 0.5, 50, 0.1, 'mean_squared_error', 0.3]"
94.25041824579239,0.0,0.197765551507473,4743.5,249.25,35179.5,317.75,"[8, 3, 5, 0.5, 75, 0.001, 'mean_squared_error', 0.0]"
94.22270178794861,0.0,0.1997031480073929,4745.6,256.0,35172.4,315.6,"[16, 7, 3, 0.3, 25, 0.01, 'categorical_crossentropy', 0.6]"
94.20751730600993,0.0,0.20040076971054077,4746.666666666667,257.0,35171.166666666664,314.5,"[16, 7, 5, 0.7, 50, 0.001, 'categorical_crossentropy', 0.0]"
94.28982053484235,0.0,0.2004534580877849,4748.571428571428,251.57142857142858,35176.42857142857,312.57142857142856,"[32, 3, 5, 0.5, 25, 0.1, 'categorical_crossentropy', 0.0]"
94.33919861912727,0.0,0.19915624149143696,4750.25,247.625,35180.25,310.875,"[8, 3, 3, 0.3, 50, 0.1, 'categorical_crossentropy', 0.3]"
94.27222278383043,0.0,0.20071889791223738,4746.444444444444,249.88888888888889,35177.88888888889,314.6666666666667,"[16, 7, 3, 0.5, 75, 0.1, 'categorical_crossentropy', 0.6]"
94.32336449623108,0.0,0.19880377799272536,4749.6,248.5,35179.2,311.5,"[16, 5, 5, 0.3, 25, 0.1, 'mean_squared_error', 0.9]"
71.46204113960266,0.0,0.05672432854771614,1513.0,510.0,14428.0,621.0,"[8, 7, 3, 0.3, 25, 0.1, 'categorical_crossentropy', 0.3]"
71.71320617198944,0.0,0.056630151346325874,1491.5,541.5,14393.0,642.0,"[16, 7, 3, 0.5, 75, 0.01, 'mean_squared_error', 0.9]"
71.85943722724915,0.0,0.055660794178644814,1497.0,547.3333333333334,14386.0,636.3333333333334,"[16, 3, 5, 0.5, 25, 0.01, 'categorical_crossentropy', 0.0]"
71.59265577793121,0.0,0.055805654264986515,1489.0,556.75,14376.0,644.25,"[8, 3, 3, 0.3, 25, 0.01, 'categorical_crossentropy', 0.9]"
71.74201011657715,0.0,0.05534480735659599,1495.6,553.0,14379.4,637.6,"[16, 7, 3, 0.5, 75, 0.01, 'mean_squared_error', 0.0]"
72.37291236718495,0.0,0.05433661304414272,1498.6666666666667,529.0,14403.166666666666,634.5,"[8, 7, 5, 0.7, 50, 0.001, 'categorical_crossentropy', 0.3]"
72.49538132122585,0.0,0.05427916773727962,1497.7142857142858,530.1428571428571,14401.857142857143,635.4285714285714,"[8, 7, 3, 0.3, 25, 0.01, 'mean_squared_error', 0.6]"
72.44072556495667,0.0,0.054359364323318005,1494.25,531.0,14400.875,638.875,"[8, 5, 5, 0.3, 25, 0.01, 'mean_squared_error', 0.0]"
72.23673197958205,0.0,0.05507514543003506,1494.888888888889,541.5555555555555,14390.222222222223,638.2222222222222,"[8, 7, 3, 0.3, 25, 0.1, 'categorical_crossentropy', 0.6]"
72.3688954114914,0.0,0.0548596017062664,1496.2,537.4,14394.3,636.9,"[32, 5, 3, 0.7, 75, 0.01, 'mean_squared_error', 0.0]"
77.65704989433289,0.0,0.041779424995183945,3832.0,863.0,34571.0,1230.0,"[16, 5, 3, 0.3, 75, 0.1, 'mean_squared_error', 0.9]"
76.19268298149109,0.0,0.04452996142208576,3802.5,996.0,34434.5,1259.0,"[8, 7, 3, 0.3, 50, 0.1, 'categorical_crossentropy', 0.6]"
75.82970062891643,0.0,0.045223530381917953,3780.0,1021.3333333333334,34408.0,1281.3333333333333,"[8, 7, 5, 0.7, 50, 0.01, 'categorical_crossentropy', 0.6]"
76.02362930774689,0.0,0.04480244033038616,3773.5,1006.25,34422.5,1287.75,"[32, 3, 3, 0.5, 50, 0.001, 'categorical_crossentropy', 0.3]"
75.92658996582031,0.0,0.04497392773628235,3763.4,992.0,34436.4,1297.8,"[16, 3, 5, 0.5, 75, 0.01, 'categorical_crossentropy', 0.0]"
75.9112944205602,0.0,0.045101556926965714,3770.1666666666665,995.6666666666666,34432.5,1291.0,"[8, 7, 5, 0.5, 25, 0.01, 'mean_squared_error', 0.0]"
75.90036903108869,0.0,0.04533604745353971,3765.5714285714284,1002.7142857142857,34425.28571428572,1295.5714285714287,"[32, 3, 3, 0.5, 25, 0.1, 'categorical_crossentropy', 0.9]"
76.00825875997543,0.0,0.04513573879376054,3774.625,1002.75,34425.125,1286.5,"[32, 5, 5, 0.5, 25, 0.01, 'mean_squared_error', 0.6]"
75.94068778885736,0.0,0.04518179554078314,3753.4444444444443,981.8888888888889,34445.88888888889,1307.6666666666667,"[8, 7, 3, 0.3, 25, 0.001, 'mean_squared_error', 0.6]"
75.93010067939758,0.0,0.04536978304386139,3745.9,993.4,34434.3,1315.2,"[8, 3, 5, 0.3, 50, 0.1, 'categorical_crossentropy', 0.9]"
90.67478775978088,0.0,0.3241218626499176,1882.0,153.0,14785.0,252.0,"[16, 7, 5, 0.3, 25, 0.1, 'mean_squared_error', 0.0]"
90.46163260936737,0.0,0.3507563918828964,1873.0,145.0,14789.5,260.5,"[16, 5, 3, 0.7, 75, 0.01, 'mean_squared_error', 0.0]"
90.70312976837158,0.0,0.33627447485923767,1892.6666666666667,151.66666666666666,14781.666666666666,240.66666666666666,"[8, 7, 5, 0.5, 50, 0.001, 'categorical_crossentropy', 0.9]"
90.74183404445648,0.0,0.32871926575899124,1897.75,153.25,14779.5,235.5,"[16, 5, 3, 0.5, 50, 0.001, 'mean_squared_error', 0.3]"
91.17762088775635,0.0,0.3211771011352539,1908.6,148.6,14783.8,224.6,"[32, 7, 3, 0.3, 75, 0.001, 'categorical_crossentropy', 0.6]"
91.11652771631877,0.0,0.32066115240255993,1909.8333333333333,154.83333333333334,14777.333333333334,223.33333333333334,"[32, 3, 5, 0.3, 25, 0.1, 'categorical_crossentropy', 0.6]"
91.21353711400714,0.0,0.3167188082422529,1911.5714285714287,152.57142857142858,14779.42857142857,221.57142857142858,"[32, 5, 5, 0.7, 50, 0.001, 'categorical_crossentropy', 0.3]"
91.13978669047356,0.0,0.31918663904070854,1912.0,154.25,14777.625,221.125,"[8, 7, 5, 0.5, 50, 0.01, 'categorical_crossentropy', 0.9]"
91.24911824862163,0.0,0.31454329358206856,1916.7777777777778,153.77777777777777,14778.0,216.33333333333334,"[32, 3, 5, 0.5, 50, 0.1, 'mean_squared_error', 0.9]"
91.22875392436981,0.0,0.3168542891740799,1917.9,155.7,14776.0,215.2,"[32, 5, 3, 0.5, 50, 0.01, 'mean_squared_error', 0.9]"
93.02647113800049,0.0,0.26878514885902405,4682.0,310.0,35124.0,380.0,"[8, 5, 5, 0.5, 50, 0.1, 'categorical_crossentropy', 0.0]"
93.32216680049896,0.0,0.25418415665626526,4692.0,286.5,35144.0,369.5,"[32, 5, 3, 0.3, 75, 0.01, 'mean_squared_error', 0.9]"
93.43390464782715,0.0,0.2500710239013036,4692.666666666667,280.3333333333333,35149.0,368.6666666666667,"[32, 7, 5, 0.5, 75, 0.01, 'categorical_crossentropy', 0.0]"
93.2823047041893,0.0,0.253496203571558,4685.25,291.0,35137.75,376.0,"[8, 7, 5, 0.5, 50, 0.001, 'mean_squared_error', 0.9]"
93.28223586082458,0.0,0.25313242375850675,4683.0,291.4,35137.0,378.2,"[16, 3, 5, 0.7, 75, 0.01, 'mean_squared_error', 0.9]"
93.32500100135803,0.0,0.2528812463084857,4684.833333333333,288.1666666666667,35140.0,376.3333333333333,"[8, 5, 5, 0.7, 25, 0.01, 'mean_squared_error', 0.9]"
93.28215718269348,0.0,0.2542678139039448,4683.857142857143,290.7142857142857,35137.28571428572,377.2857142857143,"[32, 3, 3, 0.3, 25, 0.1, 'categorical_crossentropy', 0.6]"
93.29942166805267,0.0,0.25555855594575405,4685.125,291.75,35136.125,376.0,"[16, 3, 3, 0.3, 50, 0.1, 'mean_squared_error', 0.9]"
93.29089522361755,0.0,0.25640830232037437,4684.444444444444,294.0,35133.77777777778,376.6666666666667,"[16, 7, 5, 0.5, 75, 0.01, 'mean_squared_error', 0.0]"
93.27419459819794,0.0,0.2576591089367867,4681.9,295.8,35131.9,379.2,"[8, 7, 5, 0.7, 25, 0.1, 'categorical_crossentropy', 0.3]"
71.18088006973267,0.0,1.0297963619232178,1449.0,568.0,14370.0,685.0,"[16, 3, 3, 0.7, 75, 0.1, 'categorical_crossentropy', 0.3]"
71.57262563705444,0.0,0.9728545844554901,1486.5,545.5,14389.0,647.0,"[32, 7, 3, 0.7, 50, 0.001, 'mean_squared_error', 0.3]"
71.78134322166443,0.0,0.9885873993237814,1480.0,546.0,14387.333333333334,653.3333333333334,"[8, 5, 5, 0.7, 50, 0.001, 'categorical_crossentropy', 0.6]"
72.24904000759125,0.0,0.9715064764022827,1500.5,525.5,14407.25,632.75,"[8, 5, 5, 0.5, 75, 0.1, 'mean_squared_error', 0.3]"
72.12647080421448,0.0,0.976641857624054,1501.8,537.6,14394.8,631.4,"[8, 5, 3, 0.3, 75, 0.01, 'mean_squared_error', 0.9]"
71.91192507743835,0.0,0.9784561395645142,1499.8333333333333,547.1666666666666,14385.0,633.3333333333334,"[32, 7, 3, 0.7, 50, 0.01, 'mean_squared_error', 0.0]"
72.28108048439026,0.0,0.9697217004639762,1510.7142857142858,543.2857142857143,14388.714285714286,622.4285714285714,"[8, 7, 3, 0.5, 50, 0.001, 'categorical_crossentropy', 0.9]"
72.43488132953644,0.0,0.9639607965946198,1517.125,538.375,14393.5,616.0,"[8, 5, 5, 0.3, 25, 0.1, 'categorical_crossentropy', 0.3]"
72.45032125049167,0.0,0.9599074721336365,1519.111111111111,530.7777777777778,14401.0,614.0,"[16, 7, 3, 0.5, 25, 0.01, 'categorical_crossentropy', 0.6]"
72.3970377445221,0.0,0.9691018521785736,1514.7,531.4,14400.3,618.4,"[16, 7, 3, 0.7, 50, 0.001, 'categorical_crossentropy', 0.3]"
82.19306468963623,0.0,0.0351334773004055,1670.0,288.0,14650.0,464.0,"[16, 3, 5, 0.5, 50, 0.01, 'mean_squared_error', 0.6]"
82.02480375766754,0.0,0.035364432260394096,1668.0,285.5,14649.0,465.5,"[8, 5, 5, 0.5, 25, 0.1, 'mean_squared_error', 0.6]"
82.12499022483826,0.0,0.03495954473813375,1681.0,283.6666666666667,14649.666666666666,452.3333333333333,"[8, 3, 5, 0.5, 25, 0.1, 'categorical_crossentropy', 0.6]"
83.10100883245468,0.0,0.03353096358478069,1693.25,261.25,14671.5,440.0,"[32, 5, 3, 0.3, 50, 0.01, 'mean_squared_error', 0.3]"
82.93650269508362,0.0,0.03381404057145119,1686.2,262.8,14669.6,447.0,"[32, 3, 5, 0.7, 25, 0.001, 'categorical_crossentropy', 0.3]"
82.92841116587321,0.0,0.03384835024674734,1691.6666666666667,271.5,14660.666666666666,441.5,"[32, 3, 3, 0.3, 75, 0.001, 'mean_squared_error', 0.0]"
83.12355535370963,0.0,0.03343179742140429,1692.4285714285713,264.42857142857144,14667.57142857143,440.7142857142857,"[8, 7, 3, 0.3, 50, 0.01, 'categorical_crossentropy', 0.9]"
83.03550183773041,0.0,0.03353180573321879,1691.625,264.375,14667.5,441.5,"[32, 7, 3, 0.7, 25, 0.1, 'categorical_crossentropy', 0.6]"
83.27956464555528,0.0,0.03318945960038238,1695.5555555555557,259.22222222222223,14672.555555555555,437.55555555555554,"[8, 7, 5, 0.5, 75, 0.1, 'mean_squared_error', 0.3]"
83.09037983417511,0.0,0.03352332916110754,1690.2,263.6,14668.1,442.9,"[8, 7, 3, 0.7, 75, 0.001, 'categorical_crossentropy', 0.6]"
